Date,AAPL,AMZN,GOOG,MSFT
2013-12-31,71.95076751708984,398.7900085449219,558.2625122070312,32.6009521484375
2014-01-02,70.93883514404297,397.9700012207031,554.481689453125,32.38310241699219
2014-01-03,69.380615234375,396.44000244140625,550.4368286132812,32.16522979736328
2014-01-06,69.75896453857422,393.6300048828125,556.5738525390625,31.485502243041992
2014-01-07,69.26005554199219,398.0299987792969,567.3035888671875,31.72951316833496
2014-01-08,69.69869232177734,401.9200134277344,568.4841918945312,31.163066864013672
2014-01-09,68.80863189697266,401.010009765625,563.0097045898438,30.962631225585938
2014-01-10,68.3494644165039,397.6600036621094,562.9797973632812,31.407072067260742
2014-01-13,68.7072982788086,390.9800109863281,559.3932495117188,30.483333587646484
2014-01-14,70.0744400024414,397.5400085449219,572.553955078125,31.18050193786621
2014-01-15,71.48136138916016,395.8699951171875,572.1654052734375,32.03451156616211
2014-01-16,71.0824966430664,395.79998779296875,575.951171875,32.14781188964844
2014-01-17,69.34085083007812,399.6099853515625,573.1168212890625,31.70338249206543
2014-01-21,70.41816711425781,407.04998779296875,579.67724609375,31.520362854003906
2014-01-22,70.7310791015625,404.5400085449219,580.3347778320312,31.311216354370117
2014-01-23,71.33001708984375,399.8699951171875,577.8839721679688,31.424509048461914
2014-01-24,70.0334243774414,387.6000061035156,559.816650390625,32.07809066772461
2014-01-27,70.6015625,386.2799987792969,548.558837890625,31.398366928100586
2014-01-28,64.95856475830078,394.42999267578125,559.408203125,31.607511520385742
2014-01-29,64.22112274169922,384.20001220703125,551.3932495117188,31.9473819732666
2014-01-30,64.09672546386719,403.010009765625,565.5750732421875,32.121665954589844
2014-01-31,64.20189666748047,358.69000244140625,588.2799682617188,32.975685119628906
2014-02-03,64.32115173339844,346.1499938964844,564.5987548828125,31.790523529052734
2014-02-04,65.25224304199219,347.95001220703125,566.9548950195312,31.67723274230957
2014-02-05,65.73960876464844,346.45001220703125,569.4655151367188,31.215354919433594
2014-02-06,66.12277221679688,354.5899963378906,577.814208984375,31.529067993164062
2014-02-07,67.0478515625,361.0799865722656,586.5215454101562,31.8602352142334
2014-02-10,68.24897766113281,360.8699951171875,584.2749633789062,32.06938934326172
2014-02-11,69.14823150634766,361.7900085449219,592.8677978515625,32.391815185546875
2014-02-12,69.1430892944336,349.25,591.1292724609375,32.65325164794922
2014-02-13,70.24100494384766,357.20001220703125,597.7096557617188,32.7752571105957
2014-02-14,70.18425750732422,357.3500061035156,599.1542358398438,32.78396224975586
2014-02-18,70.44229125976562,353.6499938964844,603.1791381835938,32.85420608520508
2014-02-19,69.33016204833984,347.3800048828125,598.9251098632812,32.9332275390625
2014-02-20,68.52767944335938,349.79998779296875,599.8067626953125,33.14394760131836
2014-02-21,67.76646423339844,346.760009765625,599.6473999023438,33.34587478637695
2014-02-24,68.06318664550781,351.7799987792969,603.9910888671875,33.09126663208008
2014-02-25,67.35491180419922,358.32000732421875,607.7221069335938,32.95956802368164
2014-02-26,66.74723815917969,359.79998779296875,607.8067626953125,32.898109436035156
2014-02-27,68.07868194580078,360.1300048828125,607.32861328125,33.24052429199219
2014-02-28,67.8941879272461,362.1000061035156,605.5552368164062,33.63561248779297
2014-03-03,68.09028625488281,359.7799987792969,599.0994262695312,33.1702766418457
2014-03-04,68.5392837524414,363.8999938964844,605.1865844726562,33.72341537475586
2014-03-05,68.68376922607422,372.3699951171875,606.8553466796875,33.46001434326172
2014-03-06,68.4760513305664,372.1600036621094,607.52783203125,33.49513626098633
2014-03-07,68.4360580444336,372.05999755859375,605.1268310546875,33.2756462097168
2014-03-10,68.49798583984375,370.5299987792969,603.5228271484375,33.20539855957031
2014-03-11,69.16500091552734,368.82000732421875,597.7544555664062,33.38099670410156
2014-03-12,69.23209381103516,370.6400146484375,601.3958129882812,33.60049057006836
2014-03-13,68.46315002441406,371.510009765625,592.3098754882812,33.2668571472168
2014-03-14,67.6942138671875,373.739990234375,584.2102661132812,33.10004806518555
2014-03-17,67.95870971679688,375.0400085449219,593.82421875,33.40732955932617
2014-03-18,68.5599136352539,378.7699890136719,603.368408203125,34.72431564331055
2014-03-19,68.5418701171875,373.2300109863281,597.3858642578125,34.47847366333008
2014-03-20,68.2115707397461,368.9700012207031,596.3447265625,35.40914535522461
2014-03-21,68.74954986572266,360.6199951171875,589.3110961914062,35.259883880615234
2014-03-24,69.56495666503906,351.8500061035156,576.802978515625,35.55839538574219
2014-03-25,70.31326293945312,354.7099914550781,577.196533203125,35.41791534423828
2014-03-26,69.64107513427734,343.4100036621094,563.8714599609375,34.93503189086914
2014-03-27,69.34176635742188,338.4700012207031,556.9309692382812,34.557498931884766
2014-03-28,69.26436614990234,338.2900085449219,558.456787109375,35.3828010559082
2014-03-31,69.2488784790039,336.3699951171875,555.4450073242188,35.988624572753906
2014-04-01,69.8823471069336,342.989990234375,565.6071166992188,36.366153717041016
2014-04-02,69.99846649169922,341.9599914550781,565.4475708007812,36.304691314697266
2014-04-03,69.51333618164062,333.6199951171875,568.1800537109375,36.00617218017578
2014-04-04,68.6141128540039,323.0,541.6528930664062,35.00526428222656
2014-04-07,67.53682708740234,317.760009765625,536.6765747070312,34.94381332397461
2014-04-08,67.53294372558594,327.07000732421875,553.3806762695312,34.96137237548828
2014-04-09,68.42059326171875,331.80999755859375,562.5953979492188,35.53206253051758
2014-04-10,67.5381088256836,317.1099853515625,539.4688720703125,34.557498931884766
2014-04-11,67.03881072998047,311.7300109863281,529.147216796875,34.42580795288086
2014-04-14,67.30587005615234,315.9100036621094,531.0619506835938,34.39945602416992
2014-04-15,66.82592010498047,316.0799865722656,534.9712524414062,34.8999137878418
2014-04-16,66.96138763427734,323.67999267578125,555.0161743164062,35.470603942871094
2014-04-17,67.7264633178711,324.9100036621094,534.6321411132812,35.12818908691406
2014-04-21,68.5302505493164,330.8699951171875,527.1726684570312,35.06672668457031
2014-04-22,68.5986328125,329.32000732421875,533.345703125,35.11063003540039
2014-04-23,67.70194244384766,324.5799865722656,525.4972534179688,34.84724044799805
2014-04-24,73.25228118896484,337.1499938964844,523.7221069335938,34.99648666381836
2014-04-25,73.79029083251953,303.8299865722656,514.7667236328125,35.0403938293457
2014-04-28,76.64803314208984,296.5799865722656,515.7340698242188,35.88325881958008
2014-04-29,76.42095947265625,300.3800048828125,526.2551879882812,35.56718826293945
2014-04-30,76.1319580078125,304.1300048828125,525.218017578125,35.470603942871094
2014-05-01,76.31130981445312,307.8900146484375,529.8952026367188,35.119415283203125
2014-05-02,76.45320892333984,308.010009765625,526.4845581054688,34.84724044799805
2014-05-05,77.53437805175781,310.04998779296875,526.3648681640625,34.61894607543945
2014-05-06,76.6893081665039,297.3800048828125,513.7295532226562,34.294105529785156
2014-05-07,76.42095947265625,292.7099914550781,508.5637512207031,34.610172271728516
2014-05-08,76.28473663330078,288.32000732421875,509.60089111328125,34.803321838378906
2014-05-09,75.96686553955078,292.239990234375,517.3097534179688,34.71553039550781
2014-05-12,76.91267395019531,302.8599853515625,528.4691162109375,35.09306716918945
2014-05-13,77.0333251953125,304.6400146484375,531.6304321289062,35.73851776123047
2014-05-14,77.0475845336914,297.6199951171875,525.2080688476562,35.57937240600586
2014-05-15,76.39240264892578,295.19000244140625,518.5562744140625,35.01349639892578
2014-05-16,77.51985931396484,297.70001220703125,519.2045288085938,35.21684646606445
2014-05-19,78.43840026855469,296.760009765625,527.4119873046875,35.14612579345703
2014-05-20,78.45394897460938,301.19000244140625,528.3195190429688,35.084224700927734
2014-05-21,78.66154479980469,305.010009765625,537.4644165039062,35.6766242980957
2014-05-22,78.78607940673828,304.9100036621094,543.567626953125,35.45559310913086
2014-05-23,79.67608642578125,312.239990234375,551.1867065429688,35.47325134277344
2014-05-27,81.16808319091797,310.82000732421875,564.4004516601562,35.535152435302734
2014-05-28,80.95790100097656,310.1600036621094,560.1421508789062,35.376007080078125
2014-05-29,82.43301391601562,313.7799987792969,558.5465087890625,35.66778564453125
2014-05-30,82.1242446899414,312.54998779296875,558.3570556640625,36.19828796386719
2014-06-02,81.55989074707031,308.8399963378906,552.413330078125,36.0656623840332
2014-06-03,82.7132568359375,307.19000244140625,543.4479370117188,35.62357711791992
2014-06-04,83.65774536132812,306.7799987792969,543.168701171875,35.65010452270508
2014-06-05,83.98599243164062,323.57000732421875,552.3834228515625,36.4370231628418
2014-06-06,83.75505065917969,329.6700134277344,554.8067626953125,36.67574691772461
2014-06-09,85.0952377319336,327.5,560.5809326171875,36.49007034301758
2014-06-10,85.5947265625,332.4100036621094,559.0151977539062,36.348609924316406
2014-06-11,85.24056243896484,335.20001220703125,557.3098754882812,36.1275634765625
2014-06-12,83.81475067138672,325.9100036621094,549.8403930664062,35.880001068115234
2014-06-13,82.89747619628906,326.2699890136719,550.249267578125,36.454708099365234
2014-06-16,83.73298645019531,327.6199951171875,542.789794921875,36.69343185424805
2014-06-17,83.62403106689453,325.6199951171875,541.5232543945312,36.85258865356445
2014-06-18,83.71484375,334.3800048828125,551.8548583984375,36.82605743408203
2014-06-19,83.42422485351562,327.0,553.3806762695312,36.70227813720703
2014-06-20,82.56148529052734,324.20001220703125,554.836669921875,36.85258865356445
2014-06-23,82.48882293701172,327.239990234375,563.4031982421875,37.126686096191406
2014-06-24,81.98931121826172,324.1600036621094,563.0740966796875,36.91448211669922
2014-06-25,82.06195831298828,327.44000244140625,577.065673828125,37.162044525146484
2014-06-26,82.5523910522461,325.69000244140625,574.4229125976562,36.88795852661133
2014-06-27,83.53321075439453,324.57000732421875,575.6595458984375,37.3565673828125
2014-06-30,84.39596557617188,324.7799987792969,573.7048950195312,36.87027359008789
2014-07-01,84.9317626953125,332.3900146484375,581.0746459960938,37.02058029174805
2014-07-02,84.89545440673828,332.8500061035156,580.7406005859375,37.04711151123047
2014-07-03,85.39493560791016,337.489990234375,583.1290283203125,36.95869064331055
2014-07-07,87.15679168701172,333.54998779296875,580.6558227539062,37.126686096191406
2014-07-08,86.59371948242188,323.80999755859375,569.5263671875,36.94099807739258
2014-07-09,86.63004302978516,329.9700012207031,574.502685546875,36.84374237060547
2014-07-10,86.31221008300781,327.9200134277344,569.5363159179688,36.861427307128906
2014-07-11,86.47566986083984,346.20001220703125,577.59423828125,37.215091705322266
2014-07-14,87.59269714355469,355.32000732421875,583.2686157226562,37.25931167602539
2014-07-15,86.56648254394531,354.44000244140625,583.1788940429688,37.53340148925781
2014-07-16,86.0760726928711,355.8999938964844,581.064697265625,38.9746208190918
2014-07-17,84.5412826538086,352.45001220703125,572.1591186523438,39.372501373291016
2014-07-18,85.75821685791016,358.6600036621094,593.45068359375,39.51396179199219
2014-07-21,85.3132095336914,359.760009765625,587.8560180664062,39.6465950012207
2014-07-22,86.0215835571289,360.8399963378906,593.1116333007812,39.637752532958984
2014-07-23,88.26476287841797,358.1400146484375,594.3482055664062,39.673118591308594
2014-07-24,88.11943817138672,358.6099853515625,591.7254028320312,39.2575569152832
2014-07-25,88.70066833496094,324.010009765625,587.4072875976562,39.345970153808594
2014-07-28,89.92670440673828,320.4100036621094,588.9829711914062,38.877357482910156
2014-07-29,89.34547424316406,320.0,584.006591796875,38.80662536621094
2014-07-30,89.13658905029297,322.510009765625,585.8116455078125,38.53252410888672
2014-07-31,86.8207778930664,312.989990234375,570.0349731445312,38.16118240356445
2014-08-01,87.30209350585938,307.05999755859375,564.5200805664062,37.895912170410156
2014-08-04,86.8116683959961,313.6499938964844,571.5807495117188,38.34685134887695
2014-08-05,86.38484954833984,312.32000732421875,563.5228271484375,38.09043884277344
2014-08-06,86.23954010009766,313.8900146484375,564.8233032226562,37.78981399536133
2014-08-07,86.23040771484375,311.45001220703125,561.8175048828125,38.22306442260742
2014-08-08,86.46770477294922,316.79998779296875,567.2127075195312,38.19654083251953
2014-08-11,87.60857391357422,318.3299865722656,566.3251342773438,38.19654083251953
2014-08-12,87.59032440185547,319.32000732421875,561.1892700195312,38.47947311401367
2014-08-13,88.74942016601562,326.2799987792969,573.2062377929688,38.9746208190918
2014-08-14,88.98670959472656,333.2099914550781,573.0765991210938,39.142608642578125
2014-08-15,89.4248275756836,333.6300048828125,571.9098510742188,39.60238265991211
2014-08-18,90.50177001953125,334.5299987792969,580.5660400390625,39.885318756103516
2014-08-19,91.75214385986328,335.1300048828125,585.253173828125,40.330169677734375
2014-08-20,91.78866577148438,335.7799987792969,582.8896484375,39.992088317871094
2014-08-21,91.79779052734375,332.9100036621094,581.7727661132812,40.232303619384766
2014-08-22,92.47317504882812,331.5899963378906,580.9649658203125,40.17003631591797
2014-08-25,92.6739730834961,334.0199890136719,578.6114501953125,40.18782424926758
2014-08-26,92.08070373535156,341.8299865722656,576.27783203125,40.04546356201172
2014-08-27,93.21244049072266,343.17999267578125,569.4365844726562,39.9209098815918
2014-08-28,93.32196807861328,340.0199890136719,567.6415405273438,39.929805755615234
2014-08-29,93.5501480102539,339.0400085449219,570.0349731445312,40.41913986206055
2014-09-02,94.28031158447266,342.3800048828125,575.749267578125,40.116634368896484
2014-09-03,90.30098724365234,339.0,576.3576049804688,40.00098419189453
2014-09-04,89.55258178710938,345.95001220703125,580.3865356445312,40.26789093017578
2014-09-05,90.328369140625,346.3800048828125,584.475341796875,40.846195220947266
2014-09-08,89.77161407470703,342.3399963378906,588.1053466796875,41.34442901611328
2014-09-09,89.4339370727539,329.75,579.419189453125,41.602447509765625
2014-09-10,92.18111419677734,331.3299865722656,581.5034790039062,41.673622131347656
2014-09-11,92.57355499267578,330.5199890136719,579.75830078125,41.815975189208984
2014-09-12,92.78350067138672,331.19000244140625,574.0439453125,41.54906463623047
2014-09-15,92.756103515625,323.8900146484375,571.5308837890625,41.139808654785156
2014-09-16,92.0533447265625,327.760009765625,578.3621215820312,41.602447509765625
2014-09-17,92.71047973632812,324.0,583.1688842773438,41.388916015625
2014-09-18,92.90213012695312,325.0,587.6566162109375,41.531272888183594
2014-09-19,92.14459991455078,331.32000732421875,594.4479370117188,42.278621673583984
2014-09-22,92.2358627319336,324.5,585.7617797851562,41.86935806274414
2014-09-23,93.67792510986328,323.6300048828125,579.5388793945312,41.424503326416016
2014-09-24,92.86563110351562,328.2099914550781,586.3800659179688,41.887149810791016
2014-09-25,89.32443237304688,321.92999267578125,573.4854736328125,40.96186447143555
2014-09-26,91.95294952392578,323.2099914550781,575.5198974609375,41.29104995727539
2014-09-29,91.36882781982422,321.82000732421875,574.7819213867188,41.31774139404297
2014-09-30,91.95294952392578,322.44000244140625,575.7791748046875,41.24656295776367
2014-10-01,90.52001953125,317.4599914550781,566.714111328125,40.837303161621094
2014-10-02,91.17716217041016,318.4100036621094,568.5191040039062,40.71274185180664
2014-10-03,90.92160034179688,322.739990234375,573.7048950195312,41.006343841552734
2014-10-06,90.92160034179688,322.20001220703125,575.7692260742188,41.006343841552734
2014-10-07,90.12757110595703,316.9800109863281,562.1964721679688,40.50811004638672
2014-10-08,91.9985580444336,322.70001220703125,570.9324951171875,41.620243072509766
2014-10-09,92.19937133789062,315.3699951171875,559.3442993164062,40.79281234741211
2014-10-10,91.9346923828125,311.3900146484375,542.9992065429688,39.173553466796875
2014-10-13,91.09502410888672,306.45001220703125,531.7500610351562,38.835479736328125
2014-10-14,90.12757110595703,308.30999755859375,536.4671020507812,38.90665817260742
2014-10-15,89.02320861816406,305.9700012207031,528.5787963867188,38.45290756225586
2014-10-16,87.85499572753906,302.8599853515625,523.0739135742188,38.025840759277344
2014-10-17,89.14187622070312,303.6400146484375,509.7704162597656,38.81768035888672
2014-10-20,91.04940795898438,306.2099914550781,519.4139404296875,39.218055725097656
2014-10-21,93.52276611328125,315.3299865722656,525.0983276367188,39.929805755615234
2014-10-22,93.99735260009766,312.9700012207031,531.25146484375,39.484954833984375
2014-10-23,95.67671203613281,313.17999267578125,542.4906005859375,40.054359436035156
2014-10-24,96.03263854980469,287.05999755859375,538.3020629882812,41.04194259643555
2014-10-27,95.9322280883789,289.9700012207031,539.2893676757812,40.846195220947266
2014-10-28,97.4198989868164,295.5899963378906,547.3970947265625,41.362220764160156
2014-10-29,97.96751403808594,294.1199951171875,547.825927734375,41.47789001464844
2014-10-30,97.63897705078125,299.07000732421875,548.8032836914062,40.97075653076172
2014-10-31,98.56988525390625,305.4599914550781,557.5492553710938,41.771484375
2014-11-03,99.84766387939453,305.7200012207031,553.6998291015625,42.20743179321289
2014-11-04,99.11753845214844,302.80999755859375,552.5928344726562,42.323097229003906
2014-11-05,99.35482025146484,296.5199890136719,544.42529296875,42.581119537353516
2014-11-06,99.63895416259766,296.6400146484375,540.555908203125,43.328460693359375
2014-11-07,99.92312622070312,299.8599853515625,539.5287475585938,43.3106689453125
2014-11-10,99.75813293457031,305.1099853515625,545.990966796875,43.49750518798828
2014-11-11,100.55559539794922,312.010009765625,548.7833251953125,43.47970962524414
2014-11-12,101.97640228271484,311.510009765625,545.8114624023438,43.3996467590332
2014-11-13,103.41551208496094,316.4800109863281,543.8867797851562,44.13808822631836
2014-11-14,104.66218566894531,327.82000732421875,542.909423828125,44.11139678955078
2014-11-17,104.48800659179688,323.04998779296875,535.041015625,44.004642486572266
2014-11-18,105.84464263916016,324.92999267578125,533.5651245117188,43.63755416870117
2014-11-19,105.11133575439453,326.5400085449219,535.5197143554688,43.1719970703125
2014-11-20,106.61461639404297,330.5400085449219,533.3656616210938,43.601741790771484
2014-11-21,106.76126861572266,332.6300048828125,536.0283203125,42.957115173339844
2014-11-24,108.74124145507812,335.6400146484375,537.7935180664062,42.60794448852539
2014-11-25,107.79707336425781,335.0400085449219,539.5985107421875,42.500511169433594
2014-11-26,109.08038330078125,333.57000732421875,538.8905029296875,42.751197814941406
2014-11-28,109.01620483398438,338.6400146484375,540.3464965820312,42.80492401123047
2014-12-01,105.47797393798828,326.0,532.3384399414062,43.530120849609375
2014-12-02,105.07464599609375,326.30999755859375,532.28857421875,43.38686752319336
2014-12-03,106.26629638671875,316.5,529.865234375,43.04665756225586
2014-12-04,105.86296844482422,316.92999267578125,535.8388671875,43.72709274291992
2014-12-05,105.41381072998047,312.6300048828125,523.8218383789062,43.35105895996094
2014-12-08,103.03055572509766,306.6400146484375,525.537109375,42.706443786621094
2014-12-09,104.6071548461914,312.5,531.90966796875,42.60794448852539
2014-12-10,102.61804962158203,305.8399963378906,524.61962890625,41.99017333984375
2014-12-11,102.3155746459961,307.3599853515625,526.8934326171875,42.2319221496582
2014-12-12,100.5831298828125,307.32000732421875,517.2399291992188,42.034942626953125
2014-12-15,99.2081527709961,306.07000732421875,512.3932495117188,41.784263610839844
2014-12-16,97.85151672363281,295.05999755859375,494.03363037109375,40.43234634399414
2014-12-17,100.289794921875,298.8800048828125,503.50762939453125,40.95162582397461
2014-12-18,103.25969696044922,297.7300109863281,509.70062255859375,42.54528045654297
2014-12-19,102.46223449707031,299.8999938964844,514.9362182617188,42.670623779296875
2014-12-22,103.5255355834961,306.5400085449219,523.4329223632812,42.957115173339844
2014-12-23,103.15889739990234,306.2900085449219,529.1372680664062,43.377925872802734
2014-12-24,102.67304992675781,303.0299987792969,527.322265625,43.10037612915039
2014-12-26,104.48800659179688,309.0899963378906,532.5678100585938,42.867591857910156
2014-12-29,104.41468811035156,312.0400085449219,528.8779907226562,42.48260498046875
2014-12-30,103.14054107666016,310.29998779296875,528.9677124023438,42.097618103027344
2014-12-31,101.1789321899414,310.3500061035156,524.958740234375,41.587284088134766
2015-01-02,100.2164535522461,308.5199890136719,523.3731079101562,41.86484146118164
2015-01-05,97.39318084716797,302.19000244140625,512.4630126953125,41.47986602783203
2015-01-06,97.40237426757812,295.2900085449219,500.58563232421875,40.871036529541016
2015-01-07,98.76815032958984,298.4200134277344,499.7279968261719,41.39031982421875
2015-01-08,102.56307220458984,300.4599914550781,501.3036804199219,42.60794448852539
2015-01-09,102.67304992675781,296.92999267578125,494.8114929199219,42.24981689453125
2015-01-12,100.14311981201172,291.4100036621094,491.201416015625,41.721588134765625
2015-01-13,101.03227996826172,294.739990234375,494.82147216796875,41.5067138671875
2015-01-14,100.64728546142578,293.2699890136719,499.4986267089844,41.14857864379883
2015-01-15,97.9156723022461,286.95001220703125,500.4161071777344,40.718841552734375
2015-01-16,97.15485382080078,290.739990234375,506.6888732910156,41.39928436279297
2015-01-20,99.65730285644531,289.44000244140625,505.5121154785156,41.533565521240234
2015-01-21,100.4181137084961,297.25,516.6216430664062,41.112770080566406
2015-01-22,103.03055572509766,310.32000732421875,532.9268188476562,42.19610595703125
2015-01-23,103.56219482421875,312.3900146484375,538.4716186523438,42.240867614746094
2015-01-26,103.67218780517578,309.6600036621094,533.74462890625,42.08866500854492
2015-01-27,100.04229736328125,306.75,517.2100219726562,38.194061279296875
2015-01-28,105.69796752929688,303.9100036621094,508.6036376953125,36.8779411315918
2015-01-29,108.98871612548828,311.7799987792969,509.2618103027344,37.61210632324219
2015-01-30,107.39376831054688,354.5299987792969,533.0565185546875,36.170650482177734
2015-02-02,108.74124145507812,364.4700012207031,527.0330200195312,36.958526611328125
2015-02-03,108.75955963134766,363.54998779296875,527.7909545898438,37.24503707885742
2015-02-04,109.59370422363281,364.75,521.3286743164062,37.45989227294922
2015-02-05,110.37590789794922,373.8900146484375,526.135498046875,38.00604248046875
2015-02-06,109.44646453857422,374.2799987792969,529.546142578125,37.97022247314453
2015-02-09,110.17346954345703,370.55999755859375,526.3848266601562,37.92546081542969
2015-02-10,112.29004669189453,373.0,535.4698486328125,38.140342712402344
2015-02-11,114.92201232910156,375.1400146484375,534.5025024414062,37.9433708190918
2015-02-12,116.37602233886719,377.1700134277344,541.4434814453125,38.57904052734375
2015-02-13,116.94658660888672,381.8299865722656,547.5068359375,39.27737808227539
2015-02-17,117.63677215576172,375.42999267578125,541.3536987304688,39.29541778564453
2015-02-18,118.455810546875,373.3699951171875,538.2222900390625,39.25033950805664
2015-02-19,118.20733642578125,379.0,541.3836059570312,39.2232780456543
2015-02-20,119.17359924316406,383.6600036621094,537.474365234375,39.54789352416992
2015-02-23,122.3945083618164,380.1400146484375,530.45361328125,39.80937957763672
2015-02-24,121.63068389892578,378.5899963378906,534.6221923828125,39.755279541015625
2015-02-25,118.52021789550781,385.3699951171875,542.3809204101562,39.665103912353516
2015-02-26,120.02024841308594,384.79998779296875,553.9591064453125,39.72822570800781
2015-02-27,118.21653747558594,380.1600036621094,556.87109375,39.53887176513672
2015-03-02,118.79629516601562,385.6600036621094,569.7756958007812,39.5659294128418
2015-03-03,119.04476165771484,384.6099853515625,572.0693969726562,39.024906158447266
2015-03-04,118.2901382446289,382.7200012207031,571.8001098632812,38.826534271240234
2015-03-05,116.33000946044922,387.8299865722656,573.7547607421875,38.87162780761719
2015-03-06,116.50484466552734,380.0899963378906,566.1306762695312,38.19536209106445
2015-03-09,117.00180053710938,378.55999755859375,567.29248046875,38.63718795776367
2015-03-10,114.58150482177734,369.510009765625,553.4904174804688,37.89780044555664
2015-03-11,112.49252319335938,366.3699951171875,549.6708984375,37.852718353271484
2015-03-12,114.52629089355469,374.239990234375,553.989013671875,36.98710632324219
2015-03-13,113.73485565185547,370.5799865722656,545.8214721679688,37.31171417236328
2015-03-16,114.9864273071289,373.3500061035156,552.9917602539062,37.4740104675293
2015-03-17,116.90975952148438,371.9200134277344,549.331787109375,37.60024642944336
2015-03-18,118.22573852539062,375.1400146484375,557.9680786132812,38.32159423828125
2015-03-19,117.33309936523438,373.239990234375,556.4622192382812,38.13224792480469
2015-03-20,115.86067962646484,378.489990234375,558.8257446289062,38.664241790771484
2015-03-23,117.06620025634766,375.1099853515625,557.2799682617188,38.646209716796875
2015-03-24,116.58767700195312,374.0899963378906,568.6288452148438,38.68227005004883
2015-03-25,113.54161834716797,370.9599914550781,557.2550659179688,37.383846282958984
2015-03-26,114.33304595947266,367.3500061035156,553.6499633789062,37.15842056274414
2015-03-27,113.4219970703125,370.55999755859375,546.8386840820312,36.9420280456543
2015-03-30,116.2931900024414,374.5899963378906,550.5185546875,36.93301010131836
2015-03-31,114.50788116455078,372.1000061035156,546.4995727539062,36.66249465942383
2015-04-01,114.34223937988281,370.260009765625,541.074462890625,36.71660232543945
2015-04-02,115.32691192626953,372.25,534.063720703125,36.32888412475586
2015-04-06,117.19503021240234,377.0400085449219,535.2953491210938,37.46499252319336
2015-04-07,115.96190643310547,374.4100036621094,535.5496215820312,37.446956634521484
2015-04-08,115.58458709716797,381.20001220703125,540.1270751953125,37.34777069091797
2015-04-09,116.46804809570312,383.5400085449219,539.2993774414062,37.401885986328125
2015-04-10,116.9649887084961,382.6499938964844,538.5314331054688,37.618282318115234
2015-04-13,116.73491668701172,382.3599853515625,537.6937866210938,37.654354095458984
2015-04-14,116.22879028320312,385.1099853515625,528.9378051757812,37.555171966552734
2015-04-15,116.67050170898438,383.45001220703125,531.0719604492188,38.10519027709961
2015-04-16,116.109130859375,386.0400085449219,532.3384399414062,38.01502990722656
2015-04-17,114.8023681640625,375.55999755859375,522.6151733398438,37.528114318847656
2015-04-20,117.42511749267578,389.510009765625,533.9141235351562,38.6912841796875
2015-04-21,116.7901382446289,391.17999267578125,532.5079956054688,38.44784164428711
2015-04-22,118.36377716064453,389.79998779296875,537.8882446289062,38.763427734375
2015-04-23,119.33004760742188,389.989990234375,545.5023193359375,39.07901382446289
2015-04-24,119.89141082763672,445.1000061035156,563.5128784179688,43.16364669799805
2015-04-27,122.07239532470703,438.55999755859375,555.3699951171875,43.30791473388672
2015-04-28,120.14907836914062,429.30999755859375,553.6799926757812,44.32682418823242
2015-04-29,118.38218688964844,429.3699951171875,549.0800170898438,44.23664855957031
2015-04-30,115.17047882080078,421.7799987792969,537.3400268554688,43.857940673828125
2015-05-01,118.6674575805664,422.8699951171875,537.9000244140625,43.87598419189453
2015-05-04,118.43739318847656,423.0400085449219,540.780029296875,43.49727249145508
2015-05-05,115.76864624023438,421.19000244140625,530.7999877929688,42.920188903808594
2015-05-06,115.0416488647461,419.1000061035156,524.219970703125,41.7299690246582
2015-05-07,115.75320434570312,426.8800048828125,530.7000122070312,42.10867691040039
2015-05-08,117.93408966064453,433.69000244140625,538.219970703125,43.05544662475586
2015-05-11,116.73274993896484,432.8500061035156,535.7000122070312,42.712799072265625
2015-05-12,116.3169174194336,431.0199890136719,529.0399780273438,42.69477844238281
2015-05-13,116.44629669189453,426.8699951171875,529.6199951171875,42.947242736816406
2015-05-14,119.16313934326172,432.2799987792969,538.4000244140625,43.93008041381836
2015-05-15,118.99681091308594,426.0,533.8499755859375,43.55136489868164
2015-05-18,120.30901336669922,425.239990234375,532.2999877929688,43.28988265991211
2015-05-19,120.1981430053711,421.7099914550781,537.3599853515625,43.18097686767578
2015-05-20,120.18889617919922,423.8599853515625,539.27001953125,43.18097686767578
2015-05-21,121.41796112060547,431.6300048828125,542.510009765625,43.0357666015625
2015-05-22,122.48069763183594,427.6300048828125,540.1099853515625,42.563838958740234
2015-05-26,119.78228759765625,425.4700012207031,532.3200073242188,42.28251266479492
2015-05-27,122.01863861083984,431.4200134277344,539.7899780273438,43.20820236206055
2015-05-28,121.77835083007812,426.57000732421875,539.780029296875,43.06299591064453
2015-05-29,120.3922119140625,429.2300109863281,532.1099853515625,42.52754592895508
2015-06-01,120.63246154785156,430.9200134277344,533.989990234375,42.86333084106445
2015-06-02,120.09648132324219,430.989990234375,539.1799926757812,42.581993103027344
2015-06-03,120.24434661865234,436.5899963378906,540.3099975585938,42.518463134765625
2015-06-04,119.54202270507812,430.7799987792969,536.7000122070312,42.07377243041992
2015-06-05,118.88591003417969,426.95001220703125,533.3300170898438,41.874107360839844
2015-06-08,118.10042572021484,423.5,526.8300170898438,41.502017974853516
2015-06-09,117.74925994873047,425.4800109863281,526.6900024414062,41.429412841796875
2015-06-10,119.09844207763672,430.7699890136719,536.6900024414062,42.300655364990234
2015-06-11,118.8304672241211,432.9700012207031,534.6099853515625,42.14636993408203
2015-06-12,117.51824188232422,429.9200134277344,532.3300170898438,41.71982955932617
2015-06-15,117.2872085571289,423.6700134277344,527.2000122070312,41.27512741088867
2015-06-16,117.91559600830078,427.260009765625,528.1500244140625,41.592777252197266
2015-06-17,117.63838195800781,427.80999755859375,529.260009765625,41.71982955932617
2015-06-18,118.17435455322266,439.3900146484375,536.72998046875,42.40048599243164
2015-06-19,116.99150848388672,434.9200134277344,536.6900024414062,41.83781051635742
2015-06-22,117.92485046386719,436.2900085449219,538.1900024414062,41.95579147338867
2015-06-23,117.38887023925781,445.989990234375,540.47998046875,41.665382385253906
2015-06-24,118.38690185546875,440.8399963378906,537.8400268554688,41.420345306396484
2015-06-25,117.82321166992188,440.1000061035156,535.22998046875,41.429412841796875
2015-06-26,117.13011169433594,438.1000061035156,531.6900024414062,41.07546615600586
2015-06-29,115.07860565185547,429.8599853515625,521.52001953125,40.26775360107422
2015-06-30,115.9103012084961,434.0899963378906,520.510009765625,40.06809997558594
2015-07-01,116.99150848388672,437.3900146484375,521.8400268554688,40.34035873413086
2015-07-02,116.8436279296875,437.7099914550781,523.4000244140625,40.29497146606445
2015-07-06,116.4370346069336,436.0400085449219,522.8599853515625,40.2859001159668
2015-07-07,116.15057373046875,436.7200012207031,525.02001953125,40.204227447509766
2015-07-08,113.26736450195312,429.70001220703125,516.8300170898438,40.149776458740234
2015-07-09,110.95711517333984,434.3900146484375,520.6799926757812,40.403892517089844
2015-07-10,113.92346954345703,443.510009765625,530.1300048828125,40.48556900024414
2015-07-13,116.12284851074219,455.57000732421875,546.5499877929688,41.32958984375
2015-07-14,116.07662200927734,465.57000732421875,561.0999755859375,41.40217971801758
2015-07-15,117.19480895996094,461.19000244140625,560.219970703125,41.52924346923828
2015-07-16,118.75654602050781,475.4800109863281,579.8499755859375,42.34603500366211
2015-07-17,119.78228759765625,483.010009765625,672.9299926757812,42.30973434448242
2015-07-20,122.0463638305664,488.1000061035156,663.02001953125,42.581993103027344
2015-07-21,120.8265380859375,488.0,662.2999877929688,42.90871047973633
2015-07-22,115.71623229980469,488.2699890136719,662.0999755859375,41.32958984375
2015-07-23,115.66078186035156,482.17999267578125,644.280029296875,41.84688186645508
2015-07-24,115.05088806152344,529.4199829101562,623.5599975585938,41.69260025024414
2015-07-27,113.4521713256836,531.4099731445312,627.260009765625,41.157142639160156
2015-07-28,114.01588439941406,526.030029296875,628.0,41.1480712890625
2015-07-29,113.65547180175781,529.0,631.9299926757812,42.01023864746094
2015-07-30,113.08255767822266,536.760009765625,632.5900268554688,42.545692443847656
2015-07-31,112.09375,536.1500244140625,625.6099853515625,42.38233947753906
2015-08-03,109.45081329345703,535.030029296875,631.2100219726562,42.48216247558594
2015-08-04,105.93921661376953,531.9000244140625,629.25,43.14466857910156
2015-08-05,106.64154815673828,537.010009765625,643.780029296875,43.18097686767578
2015-08-06,106.87360382080078,529.4600219726562,642.6799926757812,42.30973434448242
2015-08-07,107.23564910888672,522.6199951171875,635.2999877929688,42.418643951416016
2015-08-10,111.13444519042969,524.0,633.72998046875,42.95408248901367
2015-08-11,105.35123443603516,527.4600219726562,660.780029296875,42.11914825439453
2015-08-12,106.9757080078125,525.9099731445312,659.5599975585938,42.418643951416016
2015-08-13,106.8921890258789,529.6599731445312,656.4500122070312,42.409568786621094
2015-08-14,107.64407348632812,531.52001953125,657.1199951171875,42.654605865478516
2015-08-17,108.75802612304688,535.219970703125,660.8699951171875,42.945011138916016
2015-08-18,108.14537811279297,535.02001953125,656.1300048828125,43.18252944946289
2015-08-19,106.76223754882812,532.9199829101562,660.9000244140625,42.57959747314453
2015-08-20,104.57145690917969,515.780029296875,646.8300170898438,41.711753845214844
2015-08-21,98.17554473876953,494.4700012207031,612.47998046875,39.34571075439453
2015-08-24,95.72489929199219,463.3699951171875,589.6099853515625,38.075897216796875
2015-08-25,96.30042266845703,466.3699951171875,582.0599975585938,36.97053146362305
2015-08-26,101.82373046875,500.7699890136719,628.6199951171875,39.016841888427734
2015-08-27,104.82211303710938,518.3699951171875,637.6099853515625,40.10393524169922
2015-08-28,105.16555786132812,518.010009765625,630.3800048828125,40.13134765625
2015-08-31,104.673583984375,512.8900146484375,618.25,39.75679016113281
2015-09-01,99.9950180053711,496.5400085449219,597.7899780273438,38.20379638671875
2015-09-02,104.28369140625,510.54998779296875,614.3400268554688,39.610626220703125
2015-09-03,102.45496368408203,504.7200012207031,606.25,39.738521575927734
2015-09-04,101.43385314941406,499.0,600.7000122070312,38.92549133300781
2015-09-08,104.25584411621094,517.5399780273438,614.6599731445312,40.09479904174805
2015-09-09,102.25074768066406,516.8900146484375,612.719970703125,39.34571075439453
2015-09-10,104.4971923828125,522.239990234375,621.3499755859375,39.54668045043945
2015-09-11,106.01958465576172,529.4400024414062,625.77001953125,39.72025680541992
2015-09-14,107.04068756103516,521.3800048828125,623.239990234375,39.318302154541016
2015-09-15,107.94114685058594,522.3699951171875,635.1400146484375,40.17702102661133
2015-09-16,108.06181335449219,527.3900146484375,635.97998046875,40.46934509277344
2015-09-17,105.75038146972656,538.8699951171875,642.9000244140625,40.42366409301758
2015-09-18,105.3140869140625,540.260009765625,629.25,39.72025680541992
2015-09-21,106.94788360595703,548.3900146484375,635.4400024414062,40.29578399658203
2015-09-22,105.26768493652344,538.4000244140625,622.6900024414062,40.10393524169922
2015-09-23,106.1217041015625,536.0700073242188,622.3599853515625,40.0765266418457
2015-09-24,106.7529296875,533.75,625.7999877929688,40.11307144165039
2015-09-25,106.48372650146484,524.25,611.969970703125,40.14047622680664
2015-09-28,104.37653350830078,504.05999755859375,594.8900146484375,39.54668045043945
2015-09-29,101.2389144897461,496.07000732421875,594.969970703125,39.683719635009766
2015-09-30,102.3899917602539,511.8900146484375,608.4199829101562,40.43280792236328
2015-10-01,101.72162628173828,520.719970703125,611.2899780273438,40.752540588378906
2015-10-02,102.46424865722656,532.5399780273438,626.9099731445312,41.62953567504883
2015-10-05,102.8355712890625,543.6799926757812,641.469970703125,42.597877502441406
2015-10-06,103.32755279541016,537.47998046875,645.4400024414062,42.70749282836914
2015-10-07,102.8355712890625,541.9400024414062,642.3599853515625,42.75316619873047
2015-10-08,101.64735412597656,533.1599731445312,639.1599731445312,43.34696578979492
2015-10-09,104.07947540283203,539.7999877929688,643.6099853515625,43.036376953125
2015-10-12,103.59677124023438,550.1900024414062,646.6699829101562,42.93587875366211
2015-10-13,103.77312469482422,548.9000244140625,652.2999877929688,42.835384368896484
2015-10-14,102.30644226074219,544.8300170898438,651.1599731445312,42.6435546875
2015-10-15,103.83811950683594,562.4400024414062,661.739990234375,42.94501495361328
2015-10-16,103.07691955566406,570.760009765625,662.2000122070312,43.40177917480469
2015-10-19,103.71743774414062,573.1500244140625,666.0999755859375,43.502262115478516
2015-10-20,105.61114501953125,560.8800048828125,650.280029296875,43.6392936706543
2015-10-21,105.60186767578125,555.77001953125,642.6099853515625,43.11858367919922
2015-10-22,107.21709442138672,563.9099731445312,651.7899780273438,43.87681198120117
2015-10-23,110.54034423828125,599.030029296875,702.0,48.29829788208008
2015-10-26,107.0128402709961,608.6099853515625,712.780029296875,49.5589599609375
2015-10-27,106.335205078125,611.010009765625,708.489990234375,49.04738235473633
2015-10-28,110.71671295166016,617.0999755859375,712.9500122070312,49.31230926513672
2015-10-29,111.88634490966797,626.5499877929688,716.9199829101562,48.74592208862305
2015-10-30,110.93023681640625,625.9000244140625,710.8099975585938,48.08817672729492
2015-11-02,112.48975372314453,628.3499755859375,721.1099853515625,48.636295318603516
2015-11-03,113.7800521850586,625.3099975585938,722.1599731445312,49.467620849609375
2015-11-04,113.25093078613281,640.9500122070312,728.1099853515625,49.69599533081055
2015-11-05,112.72887420654297,655.6500244140625,731.25,49.67771911621094
2015-11-06,112.85939025878906,659.3699951171875,733.760009765625,50.171024322509766
2015-11-09,112.402587890625,655.489990234375,724.8900146484375,49.476749420166016
2015-11-10,108.85999298095703,659.6799926757812,728.3200073242188,48.88294982910156
2015-11-11,108.24468994140625,673.25,735.4000244140625,49.0108528137207
2015-11-12,107.881103515625,665.5999755859375,731.22998046875,48.70937728881836
2015-11-13,104.73008728027344,642.3499755859375,717.0,48.27089309692383
2015-11-16,106.44544219970703,647.8099975585938,728.9600219726562,49.12046432495117
2015-11-17,105.9886245727539,643.2999877929688,725.2999877929688,48.715816497802734
2015-11-18,109.34476470947266,663.5399780273438,740.0,49.5251350402832
2015-11-19,110.73382568359375,661.27001953125,738.4099731445312,49.60791015625
2015-11-20,111.21861267089844,668.4500122070312,756.5999755859375,49.83782196044922
2015-11-23,109.77360534667969,678.989990234375,755.97998046875,49.83782196044922
2015-11-24,110.82706451416016,671.1500244140625,748.280029296875,49.89300537109375
2015-11-25,110.03462219238281,675.3400268554688,748.1500244140625,49.377986907958984
2015-11-27,109.82953643798828,673.260009765625,750.260009765625,49.59870147705078
2015-11-30,110.2863540649414,664.7999877929688,742.5999755859375,49.984981536865234
2015-12-01,109.3913803100586,679.0599975585938,767.0399780273438,50.78510665893555
2015-12-02,108.4031982421875,676.010009765625,762.3800048828125,50.77590560913086
2015-12-03,107.39633178710938,666.25,752.5399780273438,49.84702682495117
2015-12-04,110.96690368652344,672.6400146484375,766.8099975585938,51.4196891784668
2015-12-07,110.26771545410156,669.8300170898438,763.25,51.327728271484375
2015-12-08,110.2210922241211,677.3300170898438,762.3699951171875,51.309326171875
2015-12-09,107.78788757324219,664.7899780273438,751.6099853515625,50.56438064575195
2015-12-10,108.30064392089844,662.3200073242188,749.4600219726562,50.831092834472656
2015-12-11,105.51316833496094,640.1500244140625,738.8699951171875,49.71826934814453
2015-12-14,104.86058807373047,657.9099731445312,747.77001953125,50.7115364074707
2015-12-15,103.00540924072266,658.6400146484375,743.4000244140625,50.76671600341797
2015-12-16,103.79781341552734,675.77001953125,758.0900268554688,51.62202072143555
2015-12-17,101.59768676757812,670.6500244140625,749.4299926757812,51.2265510559082
2015-12-18,98.84751892089844,664.1400146484375,739.3099975585938,49.78264236450195
2015-12-21,100.05945587158203,664.510009765625,747.77001953125,50.42643356323242
2015-12-22,99.96623229980469,663.1500244140625,750.0,50.90465545654297
2015-12-23,101.25274658203125,663.7000122070312,750.3099975585938,51.336910247802734
2015-12-24,100.7120361328125,662.7899780273438,748.4000244140625,51.1989631652832
2015-12-28,99.5840072631836,675.2000122070312,762.510009765625,51.45648193359375
2015-12-29,101.37393951416016,693.969970703125,776.5999755859375,52.0082893371582
2015-12-30,100.05013275146484,689.0700073242188,771.0,51.787559509277344
2015-12-31,98.12966918945312,675.8900146484375,758.8800048828125,51.024227142333984
2016-01-04,98.21358489990234,636.989990234375,741.8400268554688,50.398834228515625
2016-01-05,95.7524185180664,633.7899780273438,742.5800170898438,50.628761291503906
2016-01-06,93.87858581542969,632.6500244140625,743.6199951171875,49.70907211303711
2016-01-07,89.91647338867188,607.9400024414062,726.3900146484375,47.98005676269531
2016-01-08,90.39190673828125,607.0499877929688,714.469970703125,48.12721633911133
2016-01-11,91.8555679321289,617.739990234375,716.030029296875,48.09961700439453
2016-01-12,93.18870544433594,617.8900146484375,726.0700073242188,48.541072845458984
2016-01-13,90.79279327392578,581.8099975585938,700.5599975585938,47.49263000488281
2016-01-14,92.77849578857422,593.0,714.719970703125,48.84457015991211
2016-01-15,90.5504150390625,570.1799926757812,694.4500122070312,46.89483642578125
2016-01-19,90.11225128173828,574.47998046875,701.7899780273438,46.49937057495117
2016-01-20,90.23343658447266,571.77001953125,698.4500122070312,46.71089553833008
2016-01-21,89.77662658691406,575.02001953125,706.5900268554688,46.425785064697266
2016-01-22,94.54981231689453,596.3800048828125,725.25,48.090415954589844
2016-01-25,92.70393371582031,596.530029296875,711.6699829101562,47.630577087402344
2016-01-26,93.21665954589844,601.25,713.0399780273438,47.98005676269531
2016-01-27,87.09172821044922,583.3499755859375,699.989990234375,47.10635757446289
2016-01-28,87.7163314819336,635.3499755859375,730.9600219726562,47.87889099121094
2016-01-29,90.74617767333984,587.0,742.9500122070312,50.66554260253906
2016-02-01,89.8978271484375,574.8099975585938,752.0,50.316062927246094
2016-02-02,88.07992553710938,552.0999755859375,764.6500244140625,48.743404388427734
2016-02-03,89.8232421875,531.0700073242188,726.9500122070312,47.97085952758789
2016-02-04,90.54499053955078,536.260009765625,708.010009765625,47.8237190246582
2016-02-05,88.12669372558594,502.1300048828125,683.5700073242188,46.13149642944336
2016-02-08,89.05465698242188,488.1000061035156,682.739990234375,45.44171142578125
2016-02-09,89.03590393066406,482.07000732421875,678.1099853515625,45.32216262817383
2016-02-10,88.36102294921875,490.4800109863281,684.1199951171875,45.71763229370117
2016-02-11,87.82674407958984,503.82000732421875,683.1099853515625,45.69923400878906
2016-02-12,88.09857177734375,507.0799865722656,682.4000244140625,46.44418716430664
2016-02-16,90.58246612548828,521.0999755859375,691.0,47.324161529541016
2016-02-17,91.96971130371094,534.0999755859375,708.4000244140625,48.55612564086914
2016-02-18,90.22628784179688,525.0,697.3499755859375,48.343074798583984
2016-02-19,90.02007293701172,534.9000244140625,700.9099731445312,48.00033950805664
2016-02-22,90.80741119384766,559.5,706.4600219726562,48.76917266845703
2016-02-23,88.75467681884766,552.9400024414062,695.8499755859375,47.40752410888672
2016-02-24,90.07630920410156,554.0399780273438,699.5599975585938,47.574256896972656
2016-02-25,90.6949462890625,555.1500244140625,705.75,48.25971984863281
2016-02-26,90.8355484008789,555.22998046875,705.0700073242188,47.518672943115234
2016-02-29,90.62934112548828,552.52001953125,697.77001953125,47.129642486572266
2016-03-01,94.22864532470703,579.0399780273438,718.8099975585938,48.70433807373047
2016-03-02,94.43485260009766,580.2100219726562,718.8499755859375,49.04706573486328
2016-03-03,95.13784790039062,577.489990234375,712.4199829101562,48.49128341674805
2016-03-04,96.55318450927734,575.1400146484375,710.8900146484375,48.19486999511719
2016-03-07,95.48465728759766,562.7999877929688,695.1599731445312,47.26858139038086
2016-03-08,94.69730377197266,560.260009765625,693.969970703125,47.84288024902344
2016-03-09,94.78165435791016,559.469970703125,705.239990234375,48.94517517089844
2016-03-10,94.82852935791016,558.9299926757812,712.8200073242188,48.21340560913086
2016-03-11,95.8501968383789,569.6099853515625,726.8200073242188,49.15821075439453
2016-03-14,96.09391021728516,573.3699951171875,730.489990234375,49.25083923339844
2016-03-15,98.0247802734375,577.02001953125,728.3300170898438,49.63987731933594
2016-03-16,99.3276596069336,574.27001953125,736.0900268554688,50.34386444091797
2016-03-17,99.16829681396484,559.4400024414062,737.780029296875,50.631011962890625
2016-03-18,99.28077697753906,552.0800170898438,737.5999755859375,49.5472526550293
2016-03-21,99.27140808105469,553.97998046875,742.0900268554688,49.88998031616211
2016-03-22,100.03065490722656,560.47998046875,740.75,50.084503173828125
2016-03-23,99.47762298583984,569.6300048828125,738.0599975585938,49.991878509521484
2016-03-24,99.04645538330078,582.9500122070312,735.2999877929688,50.21418762207031
2016-03-28,98.59654998779297,579.8699951171875,733.530029296875,49.593563079833984
2016-03-29,100.93046569824219,593.8599853515625,744.77001953125,50.67732620239258
2016-03-30,102.69261932373047,598.6900024414062,750.530029296875,50.992271423339844
2016-03-31,102.15835571289062,593.6400146484375,744.9500122070312,51.158992767333984
2016-04-01,103.09566497802734,598.5,749.9099731445312,51.47394561767578
2016-04-04,104.15483856201172,593.1900024414062,745.2899780273438,51.34426498413086
2016-04-05,102.92696380615234,586.1400146484375,737.7999877929688,50.53839111328125
2016-04-06,104.0048599243164,602.0800170898438,745.6900024414062,51.05710220336914
2016-04-07,101.73655700683594,591.4299926757812,740.280029296875,50.445762634277344
2016-04-08,101.84904479980469,594.5999755859375,739.1500244140625,50.40870666503906
2016-04-11,102.18647003173828,595.9299926757812,736.0999755859375,50.30681610107422
2016-04-12,103.51747131347656,603.1699829101562,743.0900268554688,50.62175369262695
2016-04-13,105.01717376708984,614.8200073242188,751.719970703125,51.27014923095703
2016-04-14,105.07341003417969,620.75,753.2000122070312,51.279415130615234
2016-04-15,102.96444702148438,625.8900146484375,759.0,51.54804229736328
2016-04-18,100.74299621582031,635.3499755859375,766.6099853515625,52.298336029052734
2016-04-19,100.208740234375,627.9000244140625,753.9299926757812,52.23349380493164
2016-04-20,100.41494750976562,632.989990234375,752.6699829101562,51.49246597290039
2016-04-21,99.3276596069336,631.0,759.1400146484375,51.668460845947266
2016-04-22,99.05583190917969,620.5,718.77001953125,47.96329879760742
2016-04-25,98.49344635009766,626.2000122070312,723.1500244140625,48.268978118896484
2016-04-26,97.80919647216797,616.8800048828125,708.1400146484375,47.64836120605469
2016-04-27,91.68851470947266,606.5700073242188,705.8400268554688,47.18521499633789
2016-04-28,88.88593292236328,602.0,691.02001953125,46.22187423706055
2016-04-29,87.8642349243164,659.5900268554688,693.010009765625,46.1940803527832
2016-05-02,87.77051544189453,683.8499755859375,698.2100219726562,46.87954330444336
2016-05-03,89.21397399902344,671.3200073242188,692.3599853515625,46.1107177734375
2016-05-04,88.2860336303711,670.9000244140625,695.7000122070312,46.1940803527832
2016-05-05,87.92769622802734,659.0900268554688,701.4299926757812,46.2589225769043
2016-05-06,87.43732452392578,673.9500122070312,711.1199951171875,46.67575454711914
2016-05-09,87.5033187866211,679.75,712.9000244140625,46.37934494018555
2016-05-10,88.09742736816406,703.0700073242188,723.1799926757812,47.25931930541992
2016-05-11,87.23927307128906,713.22998046875,715.2899780273438,47.287109375
2016-05-12,85.19290924072266,717.9299926757812,713.3099975585938,47.713199615478516
2016-05-13,85.36265563964844,709.9199829101562,710.8300170898438,47.314903259277344
2016-05-16,88.5312271118164,710.6599731445312,716.489990234375,48.00961685180664
2016-05-17,88.16344451904297,695.27001953125,706.22998046875,47.11415100097656
2016-05-18,89.17247772216797,697.4500122070312,706.6300048828125,47.39398193359375
2016-05-19,88.8329849243164,698.52001953125,700.3200073242188,46.93692398071289
2016-05-20,89.79486846923828,702.7999877929688,709.739990234375,47.21675491333008
2016-05-23,90.9359359741211,696.75,704.239990234375,46.66643524169922
2016-05-24,92.32218933105469,704.2000122070312,720.0900268554688,48.121551513671875
2016-05-25,93.94420623779297,708.3499755859375,725.27001953125,48.61591339111328
2016-05-26,94.68917846679688,714.9099731445312,724.1199951171875,48.401371002197266
2016-05-27,94.63259887695312,712.239990234375,732.6599731445312,48.80247116088867
2016-05-31,94.17052459716797,722.7899780273438,735.719970703125,49.43675994873047
2016-06-01,92.85027313232422,719.4400024414062,734.1500244140625,49.29682922363281
2016-06-02,92.15245819091797,728.239990234375,730.4000244140625,48.95172119140625
2016-06-03,92.34104919433594,725.5399780273438,722.3400268554688,48.3080940246582
2016-06-06,93.01058959960938,726.72998046875,716.5499877929688,48.62525177001953
2016-06-07,93.38780975341797,723.739990234375,716.6500244140625,48.59726333618164
2016-06-08,93.30293273925781,726.6400146484375,728.280029296875,48.54128646850586
2016-06-09,93.97248077392578,727.6500244140625,728.5800170898438,48.14952087402344
2016-06-10,93.19921112060547,717.9099731445312,719.4099731445312,48.01893997192383
2016-06-13,91.79408264160156,715.239990234375,718.3599853515625,46.76902389526367
2016-06-14,91.90725708007812,719.2999877929688,718.27001953125,46.47987365722656
2016-06-15,91.60548400878906,714.260009765625,718.9199829101562,46.34928512573242
2016-06-16,91.99214935302734,717.510009765625,710.3599853515625,47.00222396850586
2016-06-17,89.89860534667969,706.3900146484375,691.719970703125,46.75970458984375
2016-06-20,89.68171691894531,714.010009765625,693.7100219726562,46.70374298095703
2016-06-21,90.445556640625,715.8200073242188,695.9400024414062,47.748435974121094
2016-06-22,90.10609436035156,710.5999755859375,697.4600219726562,47.561893463134766
2016-06-23,90.62474060058594,722.0800170898438,701.8699951171875,48.4200325012207
2016-06-24,88.07858276367188,698.9600219726562,675.219970703125,46.47987365722656
2016-06-27,86.7960433959961,691.3599853515625,668.260009765625,45.17399597167969
2016-06-28,88.25775146484375,707.9500122070312,680.0399780273438,46.1160888671875
2016-06-29,89.02159118652344,715.5999755859375,684.1099853515625,47.14213562011719
2016-06-30,90.1532211303711,715.6199951171875,692.0999755859375,47.72978210449219
2016-07-01,90.42669677734375,725.6799926757812,699.2100219726562,47.720455169677734
2016-07-05,89.57799530029297,728.0999755859375,694.9500122070312,47.72978210449219
2016-07-06,90.08722686767578,737.6099853515625,697.77001953125,47.92566680908203
2016-07-07,90.47386932373047,736.5700073242188,695.3599853515625,47.92566680908203
2016-07-08,91.17170715332031,745.8099975585938,705.6300048828125,48.783809661865234
2016-07-11,91.4546127319336,753.780029296875,715.0900268554688,49.0543212890625
2016-07-12,91.86954498291016,748.2100219726562,720.6400146484375,49.632633209228516
2016-07-13,91.35086059570312,742.6300048828125,716.97998046875,49.91245651245117
2016-07-14,93.16149139404297,741.2000122070312,720.9500122070312,50.12700271606445
2016-07-15,93.15206146240234,735.4400024414062,719.8499755859375,50.08969497680664
2016-07-18,94.1422348022461,736.0700073242188,733.780029296875,50.332210540771484
2016-07-19,94.1799545288086,739.9500122070312,736.9600219726562,49.52070236206055
2016-07-20,94.26483154296875,745.719970703125,741.1900024414062,52.15110778808594
2016-07-21,93.76502990722656,744.4299926757812,738.6300048828125,52.04850769042969
2016-07-22,93.03889465332031,744.8599853515625,742.739990234375,52.76674270629883
2016-07-25,91.79408264160156,739.6099853515625,739.77001953125,52.91596984863281
2016-07-26,91.16226959228516,735.5900268554688,738.4199829101562,52.94395446777344
2016-07-27,97.08444213867188,736.6699829101562,741.77001953125,52.41228103637695
2016-07-28,98.39525604248047,752.6099853515625,745.9099731445312,52.430938720703125
2016-07-29,98.2726821899414,758.8099975585938,768.7899780273438,52.86933517456055
2016-08-01,100.0078353881836,767.739990234375,772.8800048828125,52.77606201171875
2016-08-02,98.52730560302734,760.5800170898438,771.0700073242188,52.77606201171875
2016-08-03,99.76266479492188,754.6400146484375,773.1799926757812,53.13984680175781
2016-08-04,100.37894439697266,760.77001953125,771.6099853515625,53.5316047668457
2016-08-05,101.90543365478516,765.97998046875,782.219970703125,54.06327819824219
2016-08-08,102.74928283691406,766.5599975585938,781.760009765625,54.15656280517578
2016-08-09,103.16645050048828,768.3099975585938,784.260009765625,54.28714370727539
2016-08-10,102.39848327636719,768.5599975585938,784.6799926757812,54.119258880615234
2016-08-11,102.33209991455078,771.239990234375,784.8499755859375,54.38042449951172
2016-08-12,102.56913757324219,772.5599975585938,783.219970703125,54.04463195800781
2016-08-15,103.8017349243164,768.489990234375,782.4400024414062,54.2125244140625
2016-08-16,103.70689392089844,764.0399780273438,777.1400146484375,53.912174224853516
2016-08-17,103.55518341064453,764.6300048828125,779.9099731445312,54.024803161621094
2016-08-18,103.42245483398438,764.4600219726562,777.5,54.062355041503906
2016-08-19,103.68793487548828,757.3099975585938,775.4199829101562,54.08112335205078
2016-08-22,102.88201904296875,759.47998046875,772.1500244140625,54.1280517578125
2016-08-23,103.20437622070312,762.4500122070312,772.0800170898438,54.33454132080078
2016-08-24,102.42691040039062,757.25,769.6400146484375,54.3908576965332
2016-08-25,101.99078369140625,759.219970703125,769.4099731445312,54.59734344482422
2016-08-26,101.3934326171875,769.0,769.5399780273438,54.465938568115234
2016-08-29,101.27967071533203,771.2899780273438,772.1500244140625,54.53164291381836
2016-08-30,100.50221252441406,767.5800170898438,769.0900268554688,54.33454132080078
2016-08-31,100.5970230102539,769.1599731445312,767.0499877929688,53.93095397949219
2016-09-01,101.19434356689453,770.6199951171875,768.780029296875,54.0529670715332
2016-09-02,102.1424789428711,772.4400024414062,771.4600219726562,54.1280517578125
2016-09-06,102.11402893066406,788.8699951171875,780.0800170898438,54.07174301147461
2016-09-07,102.73979187011719,784.47998046875,780.3499755859375,54.1186637878418
2016-09-08,100.04710388183594,784.0599975585938,775.3200073242188,53.90279006958008
2016-09-09,97.78105926513672,760.1400146484375,759.6599731445312,52.75772476196289
2016-09-12,99.97125244140625,771.489990234375,769.02001953125,53.54613494873047
2016-09-13,102.35105895996094,761.010009765625,759.6900024414062,53.058074951171875
2016-09-14,105.97293853759766,761.0900268554688,762.489990234375,52.80464553833008
2016-09-15,109.57585144042969,769.6900024414062,771.760009765625,53.677528381347656
2016-09-16,108.95956420898438,778.52001953125,768.8800048828125,53.733848571777344
2016-09-19,107.68905639648438,775.0999755859375,765.7000122070312,53.43350601196289
2016-09-20,107.67958068847656,780.219970703125,771.4099731445312,53.32086944580078
2016-09-21,107.66061401367188,789.739990234375,776.219970703125,54.212520599365234
2016-09-22,108.67513275146484,804.7000122070312,787.2100219726562,54.26884460449219
2016-09-23,106.86417388916016,805.75,786.9000244140625,53.90279006958008
2016-09-26,107.0253677368164,799.1599731445312,774.2100219726562,53.40535354614258
2016-09-27,107.22447967529297,816.1099853515625,783.010009765625,54.3908576965332
2016-09-28,108.03986358642578,828.719970703125,781.5599975585938,54.465938568115234
2016-09-29,106.36168670654297,829.0499877929688,775.010009765625,53.87464141845703
2016-09-30,107.18655395507812,837.3099975585938,777.2899780273438,54.062355041503906
2016-10-03,106.68403625488281,836.739990234375,772.5599975585938,53.893409729003906
2016-10-04,107.1391372680664,834.030029296875,776.4299926757812,53.724464416503906
2016-10-05,107.18655395507812,844.3599853515625,776.469970703125,54.09989929199219
2016-10-06,107.98298645019531,841.6599731445312,776.8599853515625,54.193756103515625
2016-10-07,108.14415740966797,839.4299926757812,775.0800170898438,54.25006866455078
2016-10-10,110.03095245361328,841.7100219726562,785.9400024414062,54.4753303527832
2016-10-11,110.26797485351562,831.0,783.0700073242188,53.677528381347656
2016-10-12,111.25403594970703,834.0900268554688,786.1400146484375,53.60244369506836
2016-10-13,110.9127197265625,829.280029296875,778.1900024414062,53.42412185668945
2016-10-14,111.52898406982422,822.9600219726562,778.530029296875,53.893409729003906
2016-10-17,111.45313262939453,812.9500122070312,779.9600219726562,53.705692291259766
2016-10-18,111.37730407714844,817.6500244140625,795.260009765625,54.1186637878418
2016-10-19,111.04544830322266,817.6900024414062,801.5,53.99665069580078
2016-10-20,110.98857879638672,810.3200073242188,796.969970703125,53.733848571777344
2016-10-21,110.55242156982422,818.989990234375,799.3699951171875,55.99583053588867
2016-10-24,111.5479507446289,838.0900268554688,813.1099853515625,57.25353240966797
2016-10-25,112.11682891845703,835.1799926757812,807.6699829101562,57.24414825439453
2016-10-26,109.59480285644531,822.5900268554688,799.0700073242188,56.90625
2016-10-27,108.54236602783203,818.3599853515625,795.3499755859375,56.40880584716797
2016-10-28,107.82178497314453,776.3200073242188,795.3699951171875,56.19293212890625
2016-10-31,107.651123046875,789.8200073242188,784.5399780273438,56.23986053466797
2016-11-01,105.70744323730469,785.4099731445312,783.6099853515625,56.127235412597656
2016-11-02,105.80226135253906,765.5599975585938,768.7000122070312,55.77995681762695
2016-11-03,104.66822052001953,767.030029296875,762.1300048828125,55.57347106933594
2016-11-04,103.72472381591797,755.0499877929688,762.02001953125,55.10417938232422
2016-11-07,105.22093200683594,784.9299926757812,782.52001953125,56.70915603637695
2016-11-08,105.84037780761719,787.75,790.510009765625,56.75608444213867
2016-11-09,105.66886138916016,771.8800048828125,785.3099975585938,56.47450256347656
2016-11-10,102.72408294677734,742.3800048828125,762.5599975585938,55.09479904174805
2016-11-11,103.3340072631836,739.010009765625,754.02001953125,55.3951416015625
2016-11-14,100.74183654785156,719.0700073242188,736.0800170898438,54.550411224365234
2016-11-15,102.0760498046875,743.239990234375,758.489990234375,55.62763214111328
2016-11-16,104.82067108154297,746.489990234375,764.47998046875,56.36467361450195
2016-11-17,104.78254699707031,756.4000244140625,771.22998046875,57.300140380859375
2016-11-18,104.88740539550781,760.1599731445312,760.5399780273438,57.02611541748047
2016-11-21,106.47891235351562,780.0,769.2000122070312,57.50802230834961
2016-11-22,106.54560852050781,785.3300170898438,768.27001953125,57.75369644165039
2016-11-23,106.00240325927734,780.1199951171875,760.989990234375,57.0733642578125
2016-11-25,106.53608703613281,780.3699951171875,761.6799926757812,57.19620132446289
2016-11-28,106.326416015625,766.77001953125,768.239990234375,57.271793365478516
2016-11-29,106.22160339355469,762.52001953125,770.8400268554688,57.72535705566406
2016-11-30,105.32576751708984,750.5700073242188,758.0399780273438,56.941070556640625
2016-12-01,104.34417724609375,743.6500244140625,747.9199829101562,55.939449310302734
2016-12-02,104.73490142822266,740.3400268554688,750.5,55.986698150634766
2016-12-05,103.98204803466797,759.3599853515625,762.52001953125,56.90327453613281
2016-12-06,104.78254699707031,764.719970703125,759.1099853515625,56.64814758300781
2016-12-07,105.81182098388672,770.4199829101562,771.1900024414062,57.98993682861328
2016-12-08,106.85057830810547,767.3300170898438,776.4199829101562,57.649757385253906
2016-12-09,108.59456634521484,768.6599731445312,789.2899780273438,58.5568962097168
2016-12-12,107.9751205444336,760.1199951171875,789.27001953125,58.745872497558594
2016-12-13,109.77630615234375,774.3400268554688,796.0999755859375,59.511260986328125
2016-12-14,109.77630615234375,768.8200073242188,797.0700073242188,59.227783203125
2016-12-15,110.37667846679688,761.0,797.8499755859375,59.1332893371582
2016-12-16,110.5196304321289,757.77001953125,790.7999877929688,58.868709564208984
2016-12-19,111.15814971923828,766.0,794.2000122070312,60.116004943847656
2016-12-20,111.45357513427734,771.219970703125,796.4199829101562,60.0404167175293
2016-12-21,111.55841064453125,770.5999755859375,794.5599975585938,60.0404167175293
2016-12-22,110.82459259033203,766.3400268554688,791.260009765625,60.04987716674805
2016-12-23,111.04377746582031,760.5900268554688,789.9099731445312,59.75694274902344
2016-12-27,111.7490005493164,771.4000244140625,791.5499877929688,59.794734954833984
2016-12-28,111.27250671386719,772.1300048828125,785.0499877929688,59.52070999145508
2016-12-29,111.2439193725586,765.1500244140625,782.7899780273438,59.435672760009766
2016-12-30,110.37667846679688,749.8699951171875,771.8200073242188,58.71752166748047
2017-01-03,110.69115447998047,753.6699829101562,786.1400146484375,59.1332893371582
2017-01-04,110.56727600097656,757.1799926757812,786.9000244140625,58.868709564208984
2017-01-05,111.12956237792969,780.4500122070312,794.02001953125,58.868709564208984
2017-01-06,112.36846923828125,795.989990234375,806.1500244140625,59.378971099853516
2017-01-09,113.39769744873047,796.9199829101562,806.6500244140625,59.18998718261719
2017-01-10,113.51206970214844,795.9000244140625,804.7899780273438,59.171085357666016
2017-01-11,114.12198638916016,799.02001953125,807.9099731445312,59.709686279296875
2017-01-12,113.64545440673828,813.6400146484375,806.3599853515625,59.16163635253906
2017-01-13,113.44534301757812,817.1400146484375,807.8800048828125,59.24668502807617
2017-01-17,114.36023712158203,809.719970703125,804.6099853515625,59.08604431152344
2017-01-18,114.35069274902344,807.47998046875,806.0700073242188,59.05769729614258
2017-01-19,114.15055847167969,809.0399780273438,802.1749877929688,58.868709564208984
2017-01-20,114.36023712158203,808.3300170898438,805.02001953125,59.28447723388672
2017-01-23,114.43647766113281,817.8800048828125,819.3099975585938,59.492366790771484
2017-01-24,114.33164978027344,822.4400024414062,823.8699951171875,60.02152633666992
2017-01-25,116.1518783569336,836.52001953125,835.6699829101562,60.17270278930664
2017-01-26,116.20904541015625,839.1500244140625,832.1500244140625,60.73020935058594
2017-01-27,116.21858215332031,835.77001953125,823.3099975585938,62.15704345703125
2017-01-30,115.91360473632812,830.3800048828125,802.3200073242188,61.5428352355957
2017-01-31,115.64677429199219,823.47998046875,796.7899780273438,61.08927917480469
2017-02-01,122.69898986816406,832.3499755859375,795.6950073242188,60.07822036743164
2017-02-02,122.48934173583984,839.9500122070312,798.530029296875,59.69078826904297
2017-02-03,123.01349639892578,810.2000122070312,801.489990234375,60.17270278930664
2017-02-06,124.1666259765625,807.6400146484375,801.3400268554688,60.13490676879883
2017-02-07,125.34832763671875,812.5,806.969970703125,59.93647384643555
2017-02-08,125.83436584472656,819.7100219726562,808.3800048828125,59.851436614990234
2017-02-09,126.74364471435547,821.3599853515625,809.5599975585938,60.531776428222656
2017-02-10,126.45648956298828,827.4600219726562,813.6699829101562,60.4750862121582
2017-02-13,127.57633972167969,836.530029296875,819.239990234375,61.155426025390625
2017-02-14,129.23219299316406,836.3900146484375,820.4500122070312,61.38359451293945
2017-02-15,129.70118713378906,842.7000122070312,818.97998046875,61.34556198120117
2017-02-16,129.5480499267578,844.1400146484375,824.1599731445312,61.33604431152344
2017-02-17,129.90220642089844,845.0700073242188,828.0700073242188,61.431121826171875
2017-02-21,130.8402099609375,856.4400024414062,831.6599731445312,61.30753707885742
2017-02-22,131.23260498046875,855.6099853515625,830.760009765625,61.1839485168457
2017-02-23,130.67745971679688,852.1900024414062,831.3300170898438,61.431121826171875
2017-02-24,130.8019256591797,845.239990234375,828.6400146484375,61.431121826171875
2017-02-27,131.06033325195312,848.6400146484375,829.280029296875,61.060367584228516
2017-02-28,131.11778259277344,845.0399780273438,823.2100219726562,60.82270050048828
2017-03-01,133.79769897460938,853.0800170898438,835.239990234375,61.7353401184082
2017-03-02,133.00331115722656,848.9099731445312,830.6300048828125,60.85122299194336
2017-03-03,133.78814697265625,849.8800048828125,829.0800170898438,61.07937240600586
2017-03-06,133.36700439453125,846.6099853515625,827.780029296875,61.098388671875
2017-03-07,133.539306640625,846.02001953125,831.9099731445312,61.221981048583984
2017-03-08,133.0415802001953,850.5,835.3699951171875,61.78285598754883
2017-03-09,132.73529052734375,853.0,838.6799926757812,61.53569412231445
2017-03-10,133.17559814453125,852.4600219726562,843.25,61.72581100463867
2017-03-13,133.23300170898438,854.5900268554688,845.5399780273438,61.51667785644531
2017-03-14,133.0320281982422,852.530029296875,845.6199951171875,61.23147964477539
2017-03-15,134.43902587890625,852.969970703125,847.2000122070312,61.55470657348633
2017-03-16,134.6591339111328,853.4199829101562,848.780029296875,61.450130462646484
2017-03-17,133.98916625976562,852.3099975585938,852.1199951171875,61.66878128051758
2017-03-20,135.39614868164062,856.969970703125,848.4000244140625,61.72581100463867
2017-03-21,133.8455810546875,843.2000122070312,830.4600219726562,61.041351318359375
2017-03-22,135.3578643798828,848.0599975585938,829.5900268554688,61.82088088989258
2017-03-23,134.87925720214844,847.3800048828125,817.5800170898438,61.66878128051758
2017-03-24,134.6112823486328,845.6099853515625,814.4299926757812,61.77336502075195
2017-03-27,134.8410186767578,846.8200073242188,819.510009765625,61.88743209838867
2017-03-28,137.63584899902344,856.0,820.9199829101562,62.068058013916016
2017-03-29,137.9420928955078,874.3200073242188,831.4099731445312,62.239173889160156
2017-03-30,137.76023864746094,876.3400268554688,831.5,62.46732711791992
2017-03-31,137.50184631347656,886.5399780273438,829.5599975585938,62.609928131103516
2017-04-03,137.54014587402344,891.510009765625,838.5499877929688,62.31522750854492
2017-04-04,138.5642547607422,906.8300170898438,834.5700073242188,62.48634719848633
2017-04-05,137.8463897705078,909.280029296875,831.4099731445312,62.32473373413086
2017-04-06,137.50184631347656,898.280029296875,827.8800048828125,62.48634719848633
2017-04-07,137.195556640625,894.8800048828125,824.6699829101562,62.43880844116211
2017-04-10,137.0328369140625,907.0399780273438,824.72998046875,62.29619216918945
2017-04-11,135.55886840820312,902.3599853515625,823.3499755859375,62.24867630004883
2017-04-12,135.72154235839844,896.22998046875,824.3200073242188,62.01101303100586
2017-04-13,135.00372314453125,884.6699829101562,823.5599975585938,61.74482727050781
2017-04-17,135.75027465820312,901.989990234375,837.1699829101562,62.24867630004883
2017-04-18,135.14730834960938,903.780029296875,836.8200073242188,62.163124084472656
2017-04-19,134.64956665039062,899.2000122070312,838.2100219726562,61.830387115478516
2017-04-20,136.33413696289062,902.0599975585938,841.6500244140625,62.267696380615234
2017-04-21,136.1714324951172,898.530029296875,843.1900024414062,63.12328338623047
2017-04-24,137.48269653320312,907.4099731445312,862.760009765625,64.197509765625
2017-04-25,138.3345489501953,907.6199951171875,872.2999877929688,64.56828308105469
2017-04-26,137.52099609375,909.2899780273438,871.72998046875,64.48271179199219
2017-04-27,137.62625122070312,918.3800048828125,874.25,64.90099334716797
2017-04-28,137.4922637939453,924.989990234375,905.9600219726562,65.08162689208984
2017-05-01,140.2966766357422,948.22998046875,912.5700073242188,65.9847412109375
2017-05-02,141.18678283691406,946.9400024414062,916.4400024414062,65.88016510009766
2017-05-03,140.75611877441406,941.030029296875,927.0399780273438,65.67103576660156
2017-05-04,140.24879455566406,937.530029296875,931.6599731445312,65.41433715820312
2017-05-05,142.5746307373047,934.1500244140625,927.1300048828125,65.59497833251953
2017-05-08,146.4510498046875,949.0399780273438,934.2999877929688,65.53791809082031
2017-05-09,147.3890380859375,952.8200073242188,932.1699829101562,65.63301086425781
2017-05-10,146.6903076171875,948.9500122070312,928.780029296875,65.88967895507812
2017-05-11,147.95892333984375,947.6199951171875,930.5999755859375,65.08162689208984
2017-05-12,150.0252685546875,961.3499755859375,932.219970703125,65.00557708740234
2017-05-15,149.64085388183594,957.969970703125,937.0800170898438,65.05310821533203
2017-05-16,149.41976928710938,966.0700073242188,943.0,66.36296844482422
2017-05-17,144.40293884277344,944.760009765625,919.6199951171875,64.51768493652344
2017-05-18,146.60379028320312,958.489990234375,930.239990234375,64.73758697509766
2017-05-19,147.10354614257812,959.8400268554688,934.010009765625,64.71847534179688
2017-05-22,147.99737548828125,970.6699829101562,941.8599853515625,65.44509887695312
2017-05-23,147.8147735595703,971.5399780273438,948.8200073242188,65.66500854492188
2017-05-24,147.3726806640625,980.3499755859375,954.9600219726562,65.75106048583984
2017-05-25,147.88201904296875,993.3800048828125,969.5399780273438,66.56375122070312
2017-05-26,147.6322021484375,995.780029296875,971.469970703125,66.88880157470703
2017-05-30,147.68984985351562,996.7000122070312,975.8800048828125,67.31907653808594
2017-05-31,146.81524658203125,994.6199951171875,964.8599853515625,66.77407836914062
2017-06-01,147.21890258789062,995.9500122070312,966.9500122070312,67.02266693115234
2017-06-02,149.40057373046875,1006.72998046875,975.5999755859375,68.60979461669922
2017-06-05,147.93971252441406,1011.3400268554688,983.6799926757812,69.10697174072266
2017-06-06,148.43948364257812,1003.0,976.5700073242188,69.33643341064453
2017-06-07,149.32369995117188,1010.0700073242188,980.9400024414062,69.21214294433594
2017-06-08,148.95848083496094,1010.27001953125,983.4099731445312,68.79145812988281
2017-06-09,143.18234252929688,978.3099975585938,949.8300170898438,67.23301696777344
2017-06-12,139.7609100341797,964.9099731445312,942.9000244140625,66.71670532226562
2017-06-13,140.8853759765625,980.7899780273438,953.4000244140625,67.54852294921875
2017-06-14,139.51101684570312,976.469970703125,950.760009765625,67.18521118164062
2017-06-15,138.67483520507812,964.1699829101562,942.3099975585938,66.83145904541016
2017-06-16,136.73348999023438,987.7100219726562,939.780029296875,66.92707061767578
2017-06-19,140.64508056640625,995.1699829101562,957.3699951171875,67.75886535644531
2017-06-20,139.36685180664062,992.5900268554688,950.6300048828125,66.84101104736328
2017-06-21,140.19337463378906,1002.22998046875,959.4500122070312,67.18521118164062
2017-06-22,139.96275329589844,1001.2999877929688,957.0900268554688,67.17564392089844
2017-06-23,140.58741760253906,1003.739990234375,965.5900268554688,68.08393859863281
2017-06-26,140.14532470703125,993.97998046875,952.27001953125,67.43378448486328
2017-06-27,138.1366424560547,976.780029296875,927.3300170898438,66.17173767089844
2017-06-28,140.1549530029297,990.3300170898438,940.489990234375,66.73584747314453
2017-06-29,138.08860778808594,975.9299926757812,917.7899780273438,65.48335266113281
2017-06-30,138.41537475585938,968.0,908.72998046875,65.9040298461914
2017-07-03,137.91558837890625,953.6599731445312,898.7000122070312,65.1773910522461
2017-07-05,138.48265075683594,971.4000244140625,911.7100219726562,66.04743957519531
2017-07-06,137.1755828857422,965.1400146484375,906.6900024414062,65.5598373413086
2017-07-07,138.56915283203125,978.760009765625,918.5900268554688,66.4107666015625
2017-07-10,139.4148712158203,996.469970703125,928.7999877929688,66.90794372558594
2017-07-11,139.86660766601562,994.1300048828125,930.0900268554688,66.91748809814453
2017-07-12,140.0684356689453,1006.510009765625,943.8300170898438,68.0265884399414
2017-07-13,142.01947021484375,1000.6300048828125,947.1599731445312,68.61935424804688
2017-07-14,143.24002075195312,1001.8099975585938,955.989990234375,69.58502960205078
2017-07-17,143.73976135253906,1010.0399780273438,953.4199829101562,70.12999725341797
2017-07-18,144.2395477294922,1024.449951171875,965.4000244140625,70.08219146728516
2017-07-19,145.14295959472656,1026.8699951171875,970.8900146484375,70.61760711669922
2017-07-20,144.48941040039062,1028.699951171875,968.1500244140625,70.96180725097656
2017-07-21,144.42213439941406,1025.6700439453125,972.9199829101562,70.5506820678711
2017-07-24,146.1713409423828,1038.949951171875,980.3400268554688,70.36902618408203
2017-07-25,146.7960205078125,1039.8699951171875,950.7000122070312,70.93313598632812
2017-07-26,147.48802185058594,1052.800048828125,947.7999877929688,70.79926300048828
2017-07-27,144.70086669921875,1046.0,934.0900268554688,69.9483413696289
2017-07-28,143.68211364746094,1020.0399780273438,941.530029296875,69.8335952758789
2017-07-31,142.94207763671875,987.780029296875,930.5,69.50852966308594
2017-08-01,144.21072387695312,996.1900024414062,930.8300170898438,69.39381408691406
2017-08-02,151.02479553222656,995.8900146484375,930.3900146484375,69.08785247802734
2017-08-03,149.51589965820312,986.9199829101562,923.6500244140625,68.98268127441406
2017-08-04,150.30398559570312,987.5800170898438,927.9600219726562,69.48941802978516
2017-08-07,152.62982177734375,992.27001953125,929.3599853515625,69.22171020507812
2017-08-08,153.8503875732422,989.8400268554688,926.7899780273438,69.5945816040039
2017-08-09,154.792236328125,982.010009765625,922.9000244140625,69.28863525390625
2017-08-10,149.86183166503906,956.9199829101562,907.239990234375,68.27515411376953
2017-08-11,151.94593811035156,967.989990234375,914.3900146484375,69.31731414794922
2017-08-14,154.23263549804688,983.2999877929688,922.6699829101562,70.35945892333984
2017-08-15,155.92112731933594,982.739990234375,922.219970703125,70.37869262695312
2017-08-16,155.2939910888672,978.1799926757812,926.9600219726562,70.79199981689453
2017-08-17,152.31256103515625,960.5700073242188,910.97998046875,69.59050750732422
2017-08-18,151.96524047851562,958.469970703125,910.6699829101562,69.67701721191406
2017-08-21,151.6854248046875,953.2899780273438,906.6599731445312,69.35021209716797
2017-08-22,154.1651153564453,966.9000244140625,924.6900024414062,70.32102966308594
2017-08-23,154.35806274414062,958.0,927.0,69.89810180664062
2017-08-24,153.6730194091797,952.4500122070312,921.280029296875,69.86925506591797
2017-08-25,154.24229431152344,945.260009765625,915.8900146484375,69.99419403076172
2017-08-28,155.79571533203125,946.02001953125,913.8099975585938,70.00382232666016
2017-08-29,157.1851043701172,954.0599975585938,921.2899780273438,70.21527862548828
2017-08-30,157.6096649169922,967.5900268554688,929.5700073242188,71.13802337646484
2017-08-31,158.23678588867188,980.5999755859375,939.3300170898438,71.86854553222656
2017-09-01,158.28506469726562,978.25,937.3400268554688,71.07074737548828
2017-09-05,156.38427734375,965.27001953125,928.4500122070312,70.75355529785156
2017-09-06,156.22021484375,967.7999877929688,927.8099975585938,70.55170440673828
2017-09-07,155.5930938720703,979.469970703125,935.9500122070312,71.45521545410156
2017-09-08,153.05552673339844,965.9000244140625,926.5,71.10919952392578
2017-09-11,155.8246612548828,977.9600219726562,929.0800170898438,71.85892486572266
2017-09-12,155.20716857910156,982.5800170898438,932.0700073242188,71.78203582763672
2017-09-13,154.0396728515625,999.5999755859375,935.0900268554688,72.29147338867188
2017-09-14,152.71780395507812,992.2100219726562,925.1099853515625,71.86854553222656
2017-09-15,154.2615966796875,986.7899780273438,920.2899780273438,72.3875732421875
2017-09-18,153.0941162109375,974.1900024414062,915.0,72.243408203125
2017-09-19,153.1519775390625,969.8599853515625,921.8099975585938,72.5125503540039
2017-09-20,150.58547973632812,973.2100219726562,931.5800170898438,72.03194427490234
2017-09-21,147.99964904785156,964.6500244140625,932.4500122070312,71.33026123046875
2017-09-22,146.55235290527344,955.0999755859375,928.530029296875,71.52250671386719
2017-09-25,145.25946044921875,939.7899780273438,920.969970703125,70.41712951660156
2017-09-26,147.7584228515625,938.5999755859375,924.8599853515625,70.41712951660156
2017-09-27,148.81011962890625,950.8699951171875,944.489990234375,70.98423767089844
2017-09-28,147.89352416992188,956.4000244140625,949.5,71.00347137451172
2017-09-29,148.7039794921875,961.3499755859375,959.1099853515625,71.59940338134766
2017-10-02,148.40489196777344,959.1900024414062,953.27001953125,71.71473693847656
2017-10-03,149.05136108398438,957.0999755859375,957.7899780273438,71.37833404541016
2017-10-04,148.0865020751953,965.4500122070312,951.6799926757812,71.79164123535156
2017-10-05,149.9293670654297,980.8499755859375,969.9600219726562,73.02196502685547
2017-10-06,149.84251403808594,989.5800170898438,978.8900146484375,73.05081176757812
2017-10-09,150.36354064941406,990.989990234375,977.0,73.32955932617188
2017-10-10,150.4214324951172,987.2000122070312,972.5999755859375,73.32955932617188
2017-10-11,151.04861450195312,995.0,989.25,73.45450592041016
2017-10-12,150.51795959472656,1000.9299926757812,987.8300170898438,74.12733459472656
2017-10-13,151.47315979003906,1002.9400024414062,989.6799926757812,74.48297882080078
2017-10-16,154.2615966796875,1006.3400268554688,992.0,74.63677978515625
2017-10-17,154.8308563232422,1009.1300048828125,992.1799926757812,74.57910919189453
2017-10-18,154.14581298828125,997.0,992.8099975585938,74.59832763671875
2017-10-19,150.49862670898438,986.6099853515625,984.4500122070312,74.8866958618164
2017-10-20,150.75914001464844,982.9099731445312,988.2000122070312,75.75177001953125
2017-10-23,150.68197631835938,966.2999877929688,968.4500122070312,75.77098846435547
2017-10-24,151.5792694091797,975.9000244140625,970.5399780273438,75.79981994628906
2017-10-25,150.9135284423828,972.9099731445312,973.3300170898438,75.5787582397461
2017-10-26,151.87835693359375,972.4299926757812,972.5599975585938,75.70369720458984
2017-10-27,157.32015991210938,1100.949951171875,1019.27001953125,80.55773162841797
2017-10-30,160.86123657226562,1110.8499755859375,1017.1099853515625,80.63463592529297
2017-10-31,163.09967041015625,1105.280029296875,1016.6400146484375,79.95218658447266
2017-11-01,161.02525329589844,1103.6800537109375,1025.5,79.95218658447266
2017-11-02,162.20237731933594,1094.219970703125,1025.5799560546875,80.7884292602539
2017-11-03,166.43809509277344,1111.5999755859375,1032.47998046875,80.87493133544922
2017-11-06,168.12660217285156,1120.6600341796875,1025.9000244140625,81.192138671875
2017-11-07,168.66690063476562,1123.1700439453125,1033.3299560546875,80.9998779296875
2017-11-08,170.04669189453125,1132.8800048828125,1039.8499755859375,81.27862548828125
2017-11-09,169.69935607910156,1129.1300048828125,1031.260009765625,80.82685852050781
2017-11-10,169.13768005371094,1125.3499755859375,1028.0699462890625,80.61541748046875
2017-11-13,168.45986938476562,1129.1700439453125,1025.75,80.67308044433594
2017-11-14,165.9131317138672,1136.8399658203125,1026.0,80.7884292602539
2017-11-15,163.72471618652344,1126.68994140625,1020.9099731445312,80.1605224609375
2017-11-16,165.68077087402344,1137.2900390625,1032.5,80.37303161621094
2017-11-17,164.76084899902344,1129.8800048828125,1019.0900268554688,79.60022735595703
2017-11-20,164.59625244140625,1126.31005859375,1018.3800048828125,79.72579956054688
2017-11-21,167.65615844726562,1139.489990234375,1034.489990234375,80.8753662109375
2017-11-22,169.4185028076172,1156.1600341796875,1035.9599609375,80.2861099243164
2017-11-24,169.42819213867188,1186.0,1040.6099853515625,80.43099212646484
2017-11-27,168.57606506347656,1195.8299560546875,1054.2099609375,81.02027893066406
2017-11-28,167.58837890625,1193.5999755859375,1047.4100341796875,81.99595642089844
2017-11-29,164.11212158203125,1161.27001953125,1021.6599731445312,80.5082778930664
2017-11-30,166.40701293945312,1176.75,1021.4099731445312,81.31007385253906
2017-12-01,165.63233947753906,1162.3499755859375,1010.1699829101562,81.39702606201172
2017-12-04,164.4219207763672,1133.949951171875,998.6799926757812,78.32508087158203
2017-12-05,164.26698303222656,1141.5699462890625,1005.1500244140625,78.81773376464844
2017-12-06,163.65696716308594,1152.3499755859375,1018.3800048828125,79.96730041503906
2017-12-07,163.95716857910156,1159.7900390625,1030.9300537109375,79.68714904785156
2017-12-08,164.0055389404297,1162.0,1037.050048828125,81.30042266845703
2017-12-11,167.20103454589844,1168.9200439453125,1041.0999755859375,82.33406066894531
2017-12-12,166.26174926757812,1165.0799560546875,1040.47998046875,82.67216491699219
2017-12-13,166.81370544433594,1164.1300048828125,1040.6099853515625,82.44998168945312
2017-12-14,166.76528930664062,1174.260009765625,1049.1500244140625,81.8124008178711
2017-12-15,168.45986938476562,1179.1400146484375,1064.18994140625,83.89901733398438
2017-12-18,170.832275390625,1190.5799560546875,1077.1400146484375,83.44498443603516
2017-12-19,169.01177978515625,1187.3800048828125,1070.6800537109375,82.91368103027344
2017-12-20,168.82781982421875,1177.6199951171875,1064.949951171875,82.61421203613281
2017-12-21,169.4669189453125,1174.760009765625,1063.6300048828125,82.59489440917969
2017-12-22,169.4669189453125,1168.3599853515625,1060.1199951171875,82.60453796386719
2017-12-26,165.16757202148438,1176.760009765625,1056.739990234375,82.49828338623047
2017-12-27,165.19662475585938,1182.260009765625,1049.3699951171875,82.79774475097656
2017-12-28,165.66140747070312,1186.0999755859375,1048.1400146484375,82.80741119384766
2017-12-29,163.8699951171875,1169.469970703125,1046.4000244140625,82.633544921875
