Date,FB,MSFT,TSLA,TWTR
2014-12-30,79.22000122070312,42.097618103027344,222.22999572753906,35.86000061035156
2014-12-31,78.0199966430664,41.587284088134766,222.41000366210938,35.869998931884766
2015-01-02,78.44999694824219,41.86484146118164,219.30999755859375,36.560001373291016
2015-01-05,77.19000244140625,41.47986602783203,210.08999633789062,36.380001068115234
2015-01-06,76.1500015258789,40.871036529541016,211.27999877929688,38.7599983215332
2015-01-07,76.1500015258789,41.39031982421875,210.9499969482422,37.279998779296875
2015-01-08,78.18000030517578,42.60794448852539,210.6199951171875,39.09000015258789
2015-01-09,77.73999786376953,42.24981689453125,206.66000366210938,40.16999816894531
2015-01-12,76.72000122070312,41.721588134765625,202.2100067138672,39.369998931884766
2015-01-13,76.44999694824219,41.5067138671875,204.25,39.650001525878906
2015-01-14,76.27999877929688,41.14857864379883,192.69000244140625,39.849998474121094
2015-01-15,74.05000305175781,40.718841552734375,191.8699951171875,36.93000030517578
2015-01-16,75.18000030517578,41.39928436279297,193.07000732421875,37.310001373291016
2015-01-20,76.23999786376953,41.533565521240234,191.92999267578125,37.56999969482422
2015-01-21,76.73999786376953,41.112770080566406,196.57000732421875,37.83000183105469
2015-01-22,77.6500015258789,42.19610595703125,201.6199951171875,39.06999969482422
2015-01-23,77.83000183105469,42.240867614746094,201.2899932861328,39.41999816894531
2015-01-26,77.5,42.08866500854492,206.5500030517578,40.099998474121094
2015-01-27,75.77999877929688,38.194061279296875,205.97999572753906,38.91999816894531
2015-01-28,76.23999786376953,36.8779411315918,199.3699951171875,37.150001525878906
2015-01-29,78.0,37.61210632324219,205.1999969482422,36.68000030517578
2015-01-30,75.91000366210938,36.170650482177734,203.60000610351562,37.529998779296875
2015-02-02,74.98999786376953,36.958526611328125,210.94000244140625,37.459999084472656
2015-02-03,75.4000015258789,37.24503707885742,218.36000061035156,39.790000915527344
2015-02-04,75.62999725341797,37.45989227294922,218.5500030517578,40.720001220703125
2015-02-05,75.61000061035156,38.00604248046875,220.99000549316406,41.2599983215332
2015-02-06,74.47000122070312,37.97022247314453,217.36000061035156,48.0099983215332
2015-02-09,74.44000244140625,37.92546081542969,217.47999572753906,47.31999969482422
2015-02-10,75.19000244140625,38.140342712402344,216.2899932861328,46.2599983215332
2015-02-11,76.51000213623047,37.9433708190918,212.8000030517578,47.5
2015-02-12,76.2300033569336,38.57904052734375,202.8800048828125,47.95000076293945
2015-02-13,75.73999786376953,39.27737808227539,203.77000427246094,48.5
2015-02-17,75.5999984741211,39.29541778564453,204.35000610351562,48.029998779296875
2015-02-18,76.70999908447266,39.25033950805664,204.4600067138672,47.81999969482422
2015-02-19,79.41999816894531,39.2232780456543,211.7100067138672,48.70000076293945
2015-02-20,79.9000015258789,39.54789352416992,217.11000061035156,49.11000061035156
2015-02-23,78.83999633789062,39.80937957763672,207.33999633789062,48.470001220703125
2015-02-24,78.44999694824219,39.755279541015625,204.11000061035156,48.689998626708984
2015-02-25,79.55999755859375,39.665103912353516,203.75999450683594,48.54999923706055
2015-02-26,80.41000366210938,39.72822570800781,207.19000244140625,49.40999984741211
2015-02-27,78.97000122070312,39.53887176513672,203.33999633789062,48.08000183105469
2015-03-02,79.75,39.5659294128418,197.3300018310547,48.150001525878906
2015-03-03,79.5999984741211,39.024906158447266,199.55999755859375,47.709999084472656
2015-03-04,80.9000015258789,38.826534271240234,202.44000244140625,47.56999969482422
2015-03-05,81.20999908447266,38.87162780761719,200.6300048828125,47.349998474121094
2015-03-06,80.01000213623047,38.19536209106445,193.8800048828125,46.75
2015-03-09,79.44000244140625,38.63718795776367,190.8800048828125,47.59000015258789
2015-03-10,77.55000305175781,37.89780044555664,190.32000732421875,45.84000015258789
2015-03-11,77.56999969482422,37.852718353271484,193.74000549316406,46.27000045776367
2015-03-12,78.93000030517578,36.98710632324219,191.07000732421875,47.06999969482422
2015-03-13,78.05000305175781,37.31171417236328,188.67999267578125,46.65999984741211
2015-03-16,78.06999969482422,37.4740104675293,195.6999969482422,46.43000030517578
2015-03-17,79.36000061035156,37.60024642944336,194.72999572753906,46.93000030517578
2015-03-18,80.91000366210938,38.32159423828125,200.7100067138672,47.20000076293945
2015-03-19,82.75,38.13224792480469,195.64999389648438,47.93000030517578
2015-03-20,83.80000305175781,38.664241790771484,198.0800018310547,48.439998626708984
2015-03-23,84.43000030517578,38.646209716796875,199.6300048828125,48.459999084472656
2015-03-24,85.30999755859375,38.68227005004883,201.72000122070312,51.470001220703125
2015-03-25,82.91999816894531,37.383846282958984,194.3000030517578,49.5
2015-03-26,83.01000213623047,37.15842056274414,190.41000366210938,49.91999816894531
2015-03-27,83.30000305175781,36.9420280456543,185.0,50.0099983215332
2015-03-30,83.19999694824219,36.93301010131836,190.57000732421875,49.88999938964844
2015-03-31,82.22000122070312,36.66249465942383,188.77000427246094,50.08000183105469
2015-04-01,81.66999816894531,36.71660232543945,187.58999633789062,50.470001220703125
2015-04-02,81.55999755859375,36.32888412475586,191.0,50.41999816894531
2015-04-06,82.44000244140625,37.46499252319336,203.10000610351562,50.84000015258789
2015-04-07,82.31999969482422,37.446956634521484,203.25,52.869998931884766
2015-04-08,82.27999877929688,37.34777069091797,207.6699981689453,52.29999923706055
2015-04-09,82.16999816894531,37.401885986328125,210.08999633789062,52.16999816894531
2015-04-10,82.04000091552734,37.618282318115234,210.89999389648438,51.939998626708984
2015-04-13,83.01000213623047,37.654354095458984,209.77999877929688,51.619998931884766
2015-04-14,83.5199966430664,37.555171966552734,207.4600067138672,51.20000076293945
2015-04-15,82.70999908447266,38.10519027709961,207.8300018310547,51.29999923706055
2015-04-16,82.30999755859375,38.01502990722656,206.6999969482422,52.029998779296875
2015-04-17,80.77999877929688,37.528114318847656,206.7899932861328,50.65999984741211
2015-04-20,83.08999633789062,38.6912841796875,205.27000427246094,51.400001525878906
2015-04-21,83.62000274658203,38.44784164428711,209.41000366210938,51.31999969482422
2015-04-22,84.62999725341797,38.763427734375,219.44000244140625,51.72999954223633
2015-04-23,82.41000366210938,39.07901382446289,218.60000610351562,51.40999984741211
2015-04-24,81.52999877929688,43.16364669799805,218.42999267578125,50.81999969482422
2015-04-27,81.91000366210938,43.30791473388672,231.5500030517578,51.65999984741211
2015-04-28,80.68000030517578,44.32682418823242,230.47999572753906,42.27000045776367
2015-04-29,80.47000122070312,44.23664855957031,232.4499969482422,38.4900016784668
2015-04-30,78.7699966430664,43.857940673828125,226.0500030517578,38.959999084472656
2015-05-01,78.98999786376953,43.87598419189453,226.02999877929688,37.84000015258789
2015-05-04,78.80999755859375,43.49727249145508,230.50999450683594,37.880001068115234
2015-05-05,77.55999755859375,42.920188903808594,232.9499969482422,37.41999816894531
2015-05-06,78.0999984741211,41.7299690246582,230.42999267578125,37.2599983215332
2015-05-07,78.43000030517578,42.10867691040039,236.8000030517578,37.709999084472656
2015-05-08,78.51000213623047,43.05544662475586,236.61000061035156,37.59000015258789
2015-05-11,78.01000213623047,42.712799072265625,239.49000549316406,37.310001373291016
2015-05-12,77.45999908447266,42.69477844238281,244.74000549316406,37.47999954223633
2015-05-13,78.44000244140625,42.947242736816406,243.17999267578125,37.720001220703125
2015-05-14,81.37000274658203,43.93008041381836,244.10000610351562,37.33000183105469
2015-05-15,80.41999816894531,43.55136489868164,248.83999633789062,37.099998474121094
2015-05-18,80.87999725341797,43.28988265991211,248.75,37.279998779296875
2015-05-19,80.62999725341797,43.18097686767578,247.13999938964844,37.5
2015-05-20,80.55000305175781,43.18097686767578,244.35000610351562,36.779998779296875
2015-05-21,80.4800033569336,43.0357666015625,245.6199951171875,36.68000030517578
2015-05-22,80.54000091552734,42.563838958740234,247.72999572753906,36.599998474121094
2015-05-26,79.33000183105469,42.28251266479492,247.4600067138672,36.5099983215332
2015-05-27,80.55000305175781,43.20820236206055,247.42999267578125,36.40999984741211
2015-05-28,80.1500015258789,43.06299591064453,251.4499969482422,36.83000183105469
2015-05-29,79.19000244140625,42.52754592895508,250.8000030517578,36.66999816894531
2015-06-01,80.29000091552734,42.86333084106445,249.4499969482422,36.630001068115234
2015-06-02,80.44000244140625,42.581993103027344,248.35000610351562,36.400001525878906
2015-06-03,82.44000244140625,42.518463134765625,248.99000549316406,37.0
2015-06-04,82.05000305175781,42.07377243041992,245.9199981689453,36.709999084472656
2015-06-05,82.13999938964844,41.874107360839844,249.13999938964844,37.0
2015-06-08,80.66999816894531,41.502017974853516,256.2900085449219,36.459999084472656
2015-06-09,80.66999816894531,41.429412841796875,256.0,35.880001068115234
2015-06-10,82.16000366210938,42.300655364990234,250.6999969482422,35.849998474121094
2015-06-11,81.83000183105469,42.14636993408203,251.41000366210938,35.84000015258789
2015-06-12,81.52999877929688,41.71982955932617,250.69000244140625,35.900001525878906
2015-06-15,80.70999908447266,41.27512741088867,250.3800048828125,34.66999816894531
2015-06-16,81.05999755859375,41.592777252197266,253.1199951171875,34.81999969482422
2015-06-17,81.79000091552734,41.71982955932617,260.4100036621094,34.689998626708984
2015-06-18,82.91000366210938,42.40048599243164,261.8900146484375,34.65999984741211
2015-06-19,82.51000213623047,41.83781051635742,262.510009765625,35.86000061035156
2015-06-22,84.73999786376953,41.95579147338867,259.7900085449219,35.54999923706055
2015-06-23,87.87999725341797,41.665382385253906,267.6700134277344,35.369998931884766
2015-06-24,88.86000061035156,41.420345306396484,265.1700134277344,35.16999816894531
2015-06-25,87.9800033569336,41.429412841796875,268.7900085449219,35.16999816894531
2015-06-26,88.01000213623047,41.07546615600586,267.0899963378906,35.2599983215332
2015-06-29,85.80000305175781,40.26775360107422,262.0199890136719,34.209999084472656
2015-06-30,85.7699966430664,40.06809997558594,268.260009765625,36.220001220703125
2015-07-01,86.91000366210938,40.34035873413086,269.1499938964844,35.400001525878906
2015-07-02,87.29000091552734,40.29497146606445,280.0199890136719,35.720001220703125
2015-07-06,87.55000305175781,40.2859001159668,279.7200012207031,35.43000030517578
2015-07-07,87.22000122070312,40.204227447509766,267.8800048828125,35.52000045776367
2015-07-08,85.6500015258789,40.149776458740234,254.9600067138672,34.7599983215332
2015-07-09,85.87999725341797,40.403892517089844,257.9200134277344,34.36000061035156
2015-07-10,87.94999694824219,40.48556900024414,259.1499938964844,34.90999984741211
2015-07-13,90.0999984741211,41.32958984375,262.1600036621094,35.779998779296875
2015-07-14,89.68000030517578,41.40217971801758,265.6499938964844,36.720001220703125
2015-07-15,89.76000213623047,41.52924346923828,263.1400146484375,35.65999984741211
2015-07-16,90.8499984741211,42.34603500366211,266.67999267578125,36.099998474121094
2015-07-17,94.97000122070312,42.30973434448242,274.6600036621094,35.66999816894531
2015-07-20,97.91000366210938,42.581993103027344,282.260009765625,35.810001373291016
2015-07-21,98.38999938964844,42.90871047973633,266.7699890136719,36.630001068115234
2015-07-22,97.04000091552734,41.32958984375,267.8699951171875,36.09000015258789
2015-07-23,95.44000244140625,41.84688186645508,267.20001220703125,36.189998626708984
2015-07-24,96.94999694824219,41.69260025024414,265.4100036621094,35.41999816894531
2015-07-27,94.16999816894531,41.157142639160156,253.00999450683594,34.70000076293945
2015-07-28,95.29000091552734,41.1480712890625,264.82000732421875,36.540000915527344
2015-07-29,96.98999786376953,42.01023864746094,263.82000732421875,31.239999771118164
2015-07-30,95.20999908447266,42.545692443847656,266.7900085449219,31.469999313354492
2015-07-31,94.01000213623047,42.38233947753906,266.1499938964844,31.010000228881836
2015-08-03,94.13999938964844,42.48216247558594,259.989990234375,29.270000457763672
2015-08-04,94.05999755859375,43.14466857910156,266.2799987792969,29.34000015258789
2015-08-05,96.44000244140625,43.18097686767578,270.1300048828125,28.479999542236328
2015-08-06,95.12000274658203,42.30973434448242,246.1300048828125,27.540000915527344
2015-08-07,94.30000305175781,42.418643951416016,242.50999450683594,27.040000915527344
2015-08-10,94.1500015258789,42.95408248901367,241.13999938964844,29.5
2015-08-11,93.62000274658203,42.11914825439453,237.3699951171875,29.6200008392334
2015-08-12,94.19000244140625,42.418643951416016,238.1699981689453,29.389999389648438
2015-08-13,93.43000030517578,42.409568786621094,242.50999450683594,28.540000915527344
2015-08-14,94.41999816894531,42.654605865478516,243.14999389648438,29.059999465942383
2015-08-17,93.93000030517578,42.945011138916016,254.99000549316406,29.059999465942383
2015-08-18,95.16999816894531,43.18252944946289,260.7200012207031,28.299999237060547
2015-08-19,95.30999755859375,42.57959747314453,255.25,27.610000610351562
2015-08-20,90.55999755859375,41.711753845214844,242.17999267578125,26.0
2015-08-21,86.05999755859375,39.34571075439453,230.77000427246094,25.8700008392334
2015-08-24,82.08999633789062,38.075897216796875,218.8699951171875,25.170000076293945
2015-08-25,83.0,36.97053146362305,220.02999877929688,24.3799991607666
2015-08-26,87.19000244140625,39.016841888427734,224.83999633789062,25.030000686645508
2015-08-27,89.7300033569336,40.10393524169922,242.99000549316406,26.459999084472656
2015-08-28,91.01000213623047,40.13134765625,248.47999572753906,26.829999923706055
2015-08-31,89.43000030517578,39.75679016113281,249.05999755859375,27.790000915527344
2015-09-01,87.2300033569336,38.20379638671875,238.6300048828125,27.030000686645508
2015-09-02,89.88999938964844,39.610626220703125,247.69000244140625,27.81999969482422
2015-09-03,88.1500015258789,39.738521575927734,245.57000732421875,28.299999237060547
2015-09-04,88.26000213623047,38.92549133300781,241.92999267578125,28.149999618530273
2015-09-08,89.52999877929688,40.09479904174805,248.1699981689453,27.18000030517578
2015-09-09,90.44000244140625,39.34571075439453,248.91000366210938,27.18000030517578
2015-09-10,91.9800033569336,39.54668045043945,248.47999572753906,27.709999084472656
2015-09-11,92.05000305175781,39.72025680541992,250.24000549316406,27.389999389648438
2015-09-14,92.30999755859375,39.318302154541016,253.19000244140625,26.899999618530273
2015-09-15,92.9000015258789,40.17702102661133,253.57000732421875,27.170000076293945
2015-09-16,93.44999694824219,40.46934509277344,262.25,27.75
2015-09-17,94.33999633789062,40.42366409301758,262.07000732421875,27.40999984741211
2015-09-18,94.4000015258789,39.72025680541992,260.6199951171875,27.959999084472656
2015-09-21,95.55000305175781,40.29578399658203,264.20001220703125,27.3799991607666
2015-09-22,92.95999908447266,40.10393524169922,260.94000244140625,26.829999923706055
2015-09-23,93.97000122070312,40.0765266418457,261.05999755859375,26.790000915527344
2015-09-24,94.41000366210938,40.11307144165039,263.1199951171875,26.600000381469727
2015-09-25,92.7699966430664,40.14047622680664,256.9100036621094,25.290000915527344
2015-09-28,89.20999908447266,39.54668045043945,248.42999267578125,25.260000228881836
2015-09-29,86.66999816894531,39.683719635009766,246.64999389648438,25.59000015258789
2015-09-30,89.9000015258789,40.43280792236328,248.39999389648438,26.940000534057617
2015-10-01,90.94999694824219,40.752540588378906,239.8800048828125,24.68000030517578
2015-10-02,92.06999969482422,41.62953567504883,247.57000732421875,26.309999465942383
2015-10-05,94.01000213623047,42.597877502441406,246.14999389648438,28.149999618530273
2015-10-06,92.80000305175781,42.70749282836914,241.4600067138672,27.6200008392334
2015-10-07,92.4000015258789,42.75316619873047,231.9600067138672,29.829999923706055
2015-10-08,92.47000122070312,43.34696578979492,226.72000122070312,30.31999969482422
2015-10-09,93.23999786376953,43.036376953125,220.69000244140625,30.850000381469727
2015-10-12,94.26000213623047,42.93587875366211,215.5800018310547,28.75
2015-10-13,94.12000274658203,42.835384368896484,219.25,29.059999465942383
2015-10-14,94.06999969482422,42.6435546875,216.8800048828125,29.3799991607666
2015-10-15,95.95999908447266,42.94501495361328,221.30999755859375,29.709999084472656
2015-10-16,97.54000091552734,43.40177917480469,227.00999450683594,31.149999618530273
2015-10-19,98.47000122070312,43.502262115478516,228.10000610351562,30.90999984741211
2015-10-20,97.0,43.6392936706543,213.02999877929688,30.90999984741211
2015-10-21,97.11000061035156,43.11858367919922,210.08999633789062,29.299999237060547
2015-10-22,99.66999816894531,43.87681198120117,211.72000122070312,29.149999618530273
2015-10-23,102.19000244140625,48.29829788208008,209.08999633789062,30.280000686645508
2015-10-26,103.7699966430664,49.5589599609375,215.25999450683594,30.889999389648438
2015-10-27,103.69999694824219,49.04738235473633,210.35000610351562,31.34000015258789
2015-10-28,104.19999694824219,49.31230926513672,212.9600067138672,30.8700008392334
2015-10-29,104.87999725341797,48.74592208862305,211.6300048828125,29.059999465942383
2015-10-30,101.97000122070312,48.08817672729492,206.92999267578125,28.459999084472656
2015-11-02,103.30999755859375,48.636295318603516,213.7899932861328,29.200000762939453
2015-11-03,102.58000183105469,49.467620849609375,208.35000610351562,29.1299991607666
2015-11-04,103.94000244140625,49.69599533081055,231.6300048828125,29.360000610351562
2015-11-05,108.76000213623047,49.67771911621094,231.77000427246094,28.65999984741211
2015-11-06,107.0999984741211,50.171024322509766,232.36000061035156,28.280000686645508
2015-11-09,106.48999786376953,49.476749420166016,225.3300018310547,27.09000015258789
2015-11-10,107.91000366210938,48.88294982910156,216.5,27.049999237060547
2015-11-11,109.01000213623047,49.0108528137207,219.0800018310547,26.5
2015-11-12,108.0199966430664,48.70937728881836,212.94000244140625,26.1299991607666
2015-11-13,103.94999694824219,48.27089309692383,207.19000244140625,25.18000030517578
2015-11-16,104.04000091552734,49.12046432495117,214.30999755859375,25.40999984741211
2015-11-17,105.12999725341797,48.715816497802734,214.0,25.229999542236328
2015-11-18,107.7699966430664,49.5251350402832,221.07000732421875,25.899999618530273
2015-11-19,106.26000213623047,49.60791015625,221.8000030517578,26.31999969482422
2015-11-20,107.31999969482422,49.83782196044922,220.00999450683594,26.270000457763672
2015-11-23,106.94999694824219,49.83782196044922,217.75,25.200000762939453
2015-11-24,105.73999786376953,49.89300537109375,218.25,25.520000457763672
2015-11-25,105.41000366210938,49.377986907958984,229.63999938964844,26.059999465942383
2015-11-27,105.44999694824219,49.59870147705078,231.61000061035156,25.75
2015-11-30,104.23999786376953,49.984981536865234,230.25999450683594,25.399999618530273
2015-12-01,107.12000274658203,50.78510665893555,237.19000244140625,25.530000686645508
2015-12-02,106.06999969482422,50.77590560913086,231.99000549316406,25.399999618530273
2015-12-03,104.37999725341797,49.84702682495117,232.7100067138672,25.899999618530273
2015-12-04,106.18000030517578,51.4196891784668,230.3800048828125,25.020000457763672
2015-12-07,105.61000061035156,51.327728271484375,231.1300048828125,24.459999084472656
2015-12-08,106.48999786376953,51.309326171875,226.72000122070312,24.989999771118164
2015-12-09,104.5999984741211,50.56438064575195,224.52000427246094,24.309999465942383
2015-12-10,105.41999816894531,50.831092834472656,227.07000732421875,25.90999984741211
2015-12-11,102.12000274658203,49.71826934814453,217.02000427246094,24.84000015258789
2015-12-14,104.66000366210938,50.7115364074707,218.5800018310547,24.920000076293945
2015-12-15,104.55000305175781,50.76671600341797,221.08999633789062,23.950000762939453
2015-12-16,106.79000091552734,51.62202072143555,234.50999450683594,24.299999237060547
2015-12-17,106.22000122070312,51.2265510559082,233.38999938964844,23.309999465942383
2015-12-18,104.04000091552734,49.78264236450195,230.4600067138672,22.989999771118164
2015-12-21,104.7699966430664,50.42643356323242,232.55999755859375,22.139999389648438
2015-12-22,105.51000213623047,50.90465545654297,229.9499969482422,22.559999465942383
2015-12-23,104.62999725341797,51.336910247802734,229.6999969482422,22.670000076293945
2015-12-24,105.0199966430664,51.1989631652832,230.57000732421875,22.969999313354492
2015-12-28,105.93000030517578,51.45648193359375,228.9499969482422,22.530000686645508
2015-12-29,107.26000213623047,52.0082893371582,237.19000244140625,22.469999313354492
2015-12-30,106.22000122070312,51.787559509277344,238.08999633789062,22.229999542236328
2015-12-31,104.66000366210938,51.024227142333984,240.00999450683594,23.139999389648438
2016-01-04,102.22000122070312,50.398834228515625,223.41000366210938,22.559999465942383
2016-01-05,102.7300033569336,50.628761291503906,223.42999267578125,21.920000076293945
2016-01-06,102.97000122070312,49.70907211303711,219.0399932861328,21.389999389648438
2016-01-07,97.91999816894531,47.98005676269531,215.64999389648438,20.260000228881836
2016-01-08,97.33000183105469,48.12721633911133,211.0,19.979999542236328
2016-01-11,97.51000213623047,48.09961700439453,207.85000610351562,19.649999618530273
2016-01-12,99.37000274658203,48.541072845458984,209.97000122070312,19.6200008392334
2016-01-13,95.44000244140625,47.49263000488281,200.30999755859375,18.68000030517578
2016-01-14,98.37000274658203,48.84457015991211,206.17999267578125,19.0
2016-01-15,94.97000122070312,46.89483642578125,204.99000549316406,17.940000534057617
2016-01-19,95.26000213623047,46.49937057495117,204.72000122070312,16.690000534057617
2016-01-20,94.3499984741211,46.71089553833008,198.6999969482422,17.3799991607666
2016-01-21,94.16000366210938,46.425785064697266,199.97000122070312,17.829999923706055
2016-01-22,97.94000244140625,48.090415954589844,202.5500030517578,17.84000015258789
2016-01-25,97.01000213623047,47.630577087402344,196.3800048828125,17.020000457763672
2016-01-26,97.33999633789062,47.98005676269531,193.55999755859375,17.010000228881836
2016-01-27,94.44999694824219,47.10635757446289,188.07000732421875,16.780000686645508
2016-01-28,109.11000061035156,47.87889099121094,189.6999969482422,16.489999771118164
2016-01-29,112.20999908447266,50.66554260253906,191.1999969482422,16.799999237060547
2016-02-01,115.08999633789062,50.316062927246094,196.94000244140625,17.90999984741211
2016-02-02,114.61000061035156,48.743404388427734,182.77999877929688,16.079999923706055
2016-02-03,112.69000244140625,47.97085952758789,173.47999572753906,16.559999465942383
2016-02-04,110.48999786376953,47.8237190246582,175.3300018310547,16.90999984741211
2016-02-05,104.06999969482422,46.13149642944336,162.60000610351562,15.720000267028809
2016-02-08,99.75,45.44171142578125,147.99000549316406,14.899999618530273
2016-02-09,99.54000091552734,45.32216262817383,148.25,14.399999618530273
2016-02-10,101.0,45.71763229370117,143.6699981689453,14.979999542236328
2016-02-11,101.91000366210938,45.69923400878906,150.47000122070312,14.3100004196167
2016-02-12,102.01000213623047,46.44418716430664,151.0399932861328,15.880000114440918
2016-02-16,101.61000061035156,47.324161529541016,155.1699981689453,16.360000610351562
2016-02-17,105.19999694824219,48.55612564086914,168.67999267578125,17.459999084472656
2016-02-18,103.47000122070312,48.343074798583984,166.77000427246094,18.43000030517578
2016-02-19,104.56999969482422,48.00033950805664,166.5800018310547,18.309999465942383
2016-02-22,107.16000366210938,48.76917266845703,177.74000549316406,18.299999237060547
2016-02-23,105.45999908447266,47.40752410888672,177.2100067138672,18.299999237060547
2016-02-24,106.87999725341797,47.574256896972656,179.0,18.0
2016-02-25,108.06999969482422,48.25971984863281,187.42999267578125,17.59000015258789
2016-02-26,107.91999816894531,47.518672943115234,190.33999633789062,17.940000534057617
2016-02-29,106.91999816894531,47.129642486572266,191.92999267578125,18.1200008392334
2016-03-01,109.81999969482422,48.70433807373047,186.35000610351562,17.850000381469727
2016-03-02,109.94999694824219,49.04706573486328,188.33999633789062,18.540000915527344
2016-03-03,109.58000183105469,48.49128341674805,195.74000549316406,19.309999465942383
2016-03-04,108.38999938964844,48.19486999511719,201.0399932861328,19.360000610351562
2016-03-07,105.7300033569336,47.26858139038086,205.2899932861328,19.170000076293945
2016-03-08,105.93000030517578,47.84288024902344,202.60000610351562,18.329999923706055
2016-03-09,107.51000213623047,48.94517517089844,208.72000122070312,17.65999984741211
2016-03-10,107.31999969482422,48.21340560913086,205.17999267578125,16.610000610351562
2016-03-11,109.41000366210938,49.15821075439453,207.5,16.809999465942383
2016-03-14,109.88999938964844,49.25083923339844,215.14999389648438,17.1200008392334
2016-03-15,110.66999816894531,49.63987731933594,218.33999633789062,16.190000534057617
2016-03-16,112.18000030517578,50.34386444091797,221.92999267578125,16.700000762939453
2016-03-17,111.0199966430664,50.631011962890625,226.3800048828125,16.850000381469727
2016-03-18,111.44999694824219,49.5472526550293,232.74000549316406,16.850000381469727
2016-03-21,111.8499984741211,49.88998031616211,238.32000732421875,16.889999389648438
2016-03-22,112.25,50.084503173828125,234.24000549316406,16.860000610351562
2016-03-23,112.54000091552734,49.991878509521484,222.5800018310547,16.010000228881836
2016-03-24,113.05000305175781,50.21418762207031,227.75,15.90999984741211
2016-03-28,113.69000244140625,49.593563079833984,230.25999450683594,15.600000381469727
2016-03-29,116.13999938964844,50.67732620239258,230.1300048828125,15.970000267028809
2016-03-30,114.69999694824219,50.992271423339844,226.88999938964844,16.360000610351562
2016-03-31,114.0999984741211,51.158992767333984,229.77000427246094,16.549999237060547
2016-04-01,116.05999755859375,51.47394561767578,237.58999633789062,15.979999542236328
2016-04-04,112.55000305175781,51.34426498413086,246.99000549316406,17.09000015258789
2016-04-05,112.22000122070312,50.53839111328125,255.47000122070312,17.049999237060547
2016-04-06,113.70999908447266,51.05710220336914,265.4200134277344,17.260000228881836
2016-04-07,113.63999938964844,50.445762634277344,257.20001220703125,16.979999542236328
2016-04-08,110.62999725341797,50.40870666503906,250.07000732421875,16.649999618530273
2016-04-11,108.98999786376953,50.30681610107422,249.9199981689453,16.510000228881836
2016-04-12,110.61000061035156,50.62175369262695,247.82000732421875,16.56999969482422
2016-04-13,110.51000213623047,51.27014923095703,254.52999877929688,17.3700008392334
2016-04-14,110.83999633789062,51.279415130615234,251.86000061035156,17.530000686645508
2016-04-15,109.63999938964844,51.54804229736328,254.50999450683594,17.579999923706055
2016-04-18,110.44999694824219,52.298336029052734,253.8800048828125,17.309999465942383
2016-04-19,112.29000091552734,52.23349380493164,247.3699951171875,16.920000076293945
2016-04-20,112.41999816894531,51.49246597290039,249.97000122070312,17.399999618530273
2016-04-21,113.44000244140625,51.668460845947266,248.2899932861328,17.510000228881836
2016-04-22,110.55999755859375,47.96329879760742,253.75,17.229999542236328
2016-04-25,110.0999984741211,48.268978118896484,251.82000732421875,17.09000015258789
2016-04-26,108.76000213623047,47.64836120605469,253.74000549316406,17.75
2016-04-27,108.88999938964844,47.18521499633789,251.47000122070312,14.859999656677246
2016-04-28,116.7300033569336,46.22187423706055,247.7100067138672,14.640000343322754
2016-04-29,117.58000183105469,46.1940803527832,240.75999450683594,14.619999885559082
2016-05-02,118.56999969482422,46.87954330444336,241.8000030517578,14.399999618530273
2016-05-03,117.43000030517578,46.1107177734375,232.32000732421875,14.010000228881836
2016-05-04,118.05999755859375,46.1940803527832,222.55999755859375,14.84000015258789
2016-05-05,117.80999755859375,46.2589225769043,211.52999877929688,14.119999885559082
2016-05-06,119.48999786376953,46.67575454711914,214.92999267578125,14.399999618530273
2016-05-09,119.23999786376953,46.37934494018555,208.9199981689453,14.199999809265137
2016-05-10,120.5,47.25931930541992,208.69000244140625,14.630000114440918
2016-05-11,119.5199966430664,47.287109375,208.9600067138672,14.59000015258789
2016-05-12,120.27999877929688,47.713199615478516,207.27999877929688,14.079999923706055
2016-05-13,119.80999755859375,47.314903259277344,207.61000061035156,14.100000381469727
2016-05-16,118.66999816894531,48.00961685180664,208.2899932861328,14.289999961853027
2016-05-17,117.3499984741211,47.11415100097656,204.66000366210938,14.34000015258789
2016-05-18,117.6500015258789,47.39398193359375,211.1699981689453,14.140000343322754
2016-05-19,116.80999755859375,46.93692398071289,215.2100067138672,14.149999618530273
2016-05-20,117.3499984741211,47.21675491333008,220.27999877929688,14.430000305175781
2016-05-23,115.97000122070312,46.66643524169922,216.22000122070312,14.40999984741211
2016-05-24,117.69999694824219,48.121551513671875,217.91000366210938,14.029999732971191
2016-05-25,117.88999938964844,48.61591339111328,219.5800018310547,14.40999984741211
2016-05-26,119.47000122070312,48.401371002197266,225.1199951171875,14.300000190734863
2016-05-27,119.37999725341797,48.80247116088867,223.0399932861328,15.100000381469727
2016-05-31,118.80999755859375,49.43675994873047,223.22999572753906,15.220000267028809
2016-06-01,118.77999877929688,49.29682922363281,219.55999755859375,15.020000457763672
2016-06-02,118.93000030517578,48.95172119140625,218.9600067138672,15.199999809265137
2016-06-03,118.47000122070312,48.3080940246582,218.99000549316406,15.199999809265137
2016-06-06,118.79000091552734,48.62525177001953,220.67999267578125,15.270000457763672
2016-06-07,117.76000213623047,48.59726333618164,232.33999633789062,15.0
2016-06-08,118.38999938964844,48.54128646850586,235.52000427246094,14.949999809265137
2016-06-09,118.55999755859375,48.14952087402344,229.36000061035156,14.600000381469727
2016-06-10,116.62000274658203,48.01893997192383,218.7899932861328,14.020000457763672
2016-06-13,113.94999694824219,46.76902389526367,217.8699951171875,14.550000190734863
2016-06-14,114.94000244140625,46.47987365722656,214.9600067138672,15.359999656677246
2016-06-15,114.5999984741211,46.34928512573242,217.6999969482422,15.960000038146973
2016-06-16,114.38999938964844,47.00222396850586,217.92999267578125,15.869999885559082
2016-06-17,113.0199966430664,46.75970458984375,215.47000122070312,16.100000381469727
2016-06-20,113.37000274658203,46.70374298095703,219.6999969482422,16.34000015258789
2016-06-21,114.37999725341797,47.748435974121094,219.61000061035156,16.31999969482422
2016-06-22,113.91000366210938,47.561893463134766,196.66000366210938,16.1299991607666
2016-06-23,115.08000183105469,48.4200325012207,196.39999389648438,17.040000915527344
2016-06-24,112.08000183105469,46.47987365722656,193.14999389648438,16.440000534057617
2016-06-27,108.97000122070312,45.17399597167969,198.5500030517578,15.84000015258789
2016-06-28,112.69999694824219,46.1160888671875,201.7899932861328,16.420000076293945
2016-06-29,114.16000366210938,47.14213562011719,210.19000244140625,16.829999923706055
2016-06-30,114.27999877929688,47.72978210449219,212.27999877929688,16.90999984741211
2016-07-01,114.19000244140625,47.720455169677734,216.5,17.280000686645508
2016-07-05,114.19999694824219,47.72978210449219,213.97999572753906,17.139999389648438
2016-07-06,116.69999694824219,47.92566680908203,214.44000244140625,17.200000762939453
2016-07-07,115.8499984741211,47.92566680908203,215.94000244140625,17.3700008392334
2016-07-08,117.23999786376953,48.783809661865234,216.77999877929688,18.079999923706055
2016-07-11,117.87000274658203,49.0543212890625,224.77999877929688,17.709999084472656
2016-07-12,117.93000030517578,49.632633209228516,224.64999389648438,18.100000381469727
2016-07-13,116.77999877929688,49.91245651245117,222.52999877929688,17.739999771118164
2016-07-14,117.29000091552734,50.12700271606445,221.52999877929688,17.959999084472656
2016-07-15,116.86000061035156,50.08969497680664,220.39999389648438,18.079999923706055
2016-07-18,119.37000274658203,50.332210540771484,226.25,18.649999618530273
2016-07-19,120.61000061035156,49.52070236206055,225.25999450683594,18.329999923706055
2016-07-20,121.91999816894531,52.15110778808594,228.36000061035156,18.559999465942383
2016-07-21,120.61000061035156,52.04850769042969,220.5,18.389999389648438
2016-07-22,121.0,52.76674270629883,222.27000427246094,18.3700008392334
2016-07-25,121.62999725341797,52.91596984863281,230.00999450683594,18.649999618530273
2016-07-26,121.22000122070312,52.94395446777344,229.50999450683594,18.450000762939453
2016-07-27,123.33999633789062,52.41228103637695,228.49000549316406,15.770000457763672
2016-07-28,125.0,52.430938720703125,230.61000061035156,16.309999465942383
2016-07-29,123.94000244140625,52.86933517456055,234.7899932861328,16.639999389648438
2016-08-01,124.30999755859375,52.77606201171875,230.00999450683594,16.639999389648438
2016-08-02,123.08999633789062,52.77606201171875,227.1999969482422,16.420000076293945
2016-08-03,122.51000213623047,53.13984680175781,225.7899932861328,17.610000610351562
2016-08-04,124.36000061035156,53.5316047668457,230.61000061035156,18.1299991607666
2016-08-05,125.1500015258789,54.06327819824219,230.02999877929688,18.260000228881836
2016-08-08,125.26000213623047,54.15656280517578,226.16000366210938,18.200000762939453
2016-08-09,125.05999755859375,54.28714370727539,229.0800018310547,18.68000030517578
2016-08-10,124.87999725341797,54.119258880615234,225.64999389648438,19.040000915527344
2016-08-11,124.9000015258789,54.38042449951172,224.91000366210938,19.780000686645508
2016-08-12,124.87999725341797,54.04463195800781,225.61000061035156,19.540000915527344
2016-08-15,123.9000015258789,54.2125244140625,225.58999633789062,20.860000610351562
2016-08-16,123.30000305175781,53.912174224853516,223.61000061035156,20.399999618530273
2016-08-17,124.37000274658203,54.024803161621094,223.24000549316406,20.170000076293945
2016-08-18,123.91000366210938,54.062355041503906,223.50999450683594,19.0
2016-08-19,123.55999755859375,54.08112335205078,225.0,18.979999542236328
2016-08-22,124.1500015258789,54.1280517578125,222.92999267578125,18.549999237060547
2016-08-23,124.37000274658203,54.33454132080078,224.83999633789062,18.690000534057617
2016-08-24,123.4800033569336,54.3908576965332,222.6199951171875,18.25
2016-08-25,123.88999938964844,54.59734344482422,220.9600067138672,18.31999969482422
2016-08-26,124.95999908447266,54.465938568115234,219.99000549316406,18.299999237060547
2016-08-29,126.54000091552734,54.53164291381836,215.1999969482422,18.469999313354492
2016-08-30,125.83999633789062,54.33454132080078,211.33999633789062,18.3799991607666
2016-08-31,126.12000274658203,53.93095397949219,212.00999450683594,19.209999084472656
2016-09-01,126.16999816894531,54.0529670715332,200.77000427246094,19.5
2016-09-02,126.51000213623047,54.1280517578125,197.77999877929688,19.549999237060547
2016-09-06,129.72999572753906,54.07174301147461,202.8300018310547,19.93000030517578
2016-09-07,131.0500030517578,54.1186637878418,201.7100067138672,19.8700008392334
2016-09-08,130.27000427246094,53.90279006958008,197.36000061035156,18.700000762939453
2016-09-09,127.0999984741211,52.75772476196289,194.47000122070312,18.110000610351562
2016-09-12,128.69000244140625,53.54613494873047,198.3000030517578,18.149999618530273
2016-09-13,127.20999908447266,53.058074951171875,196.0500030517578,17.760000228881836
2016-09-14,127.7699966430664,52.80464553833008,196.41000366210938,18.079999923706055
2016-09-15,128.35000610351562,53.677528381347656,200.4199981689453,18.299999237060547
2016-09-16,129.07000732421875,53.733848571777344,205.39999389648438,19.110000610351562
2016-09-19,128.64999389648438,53.43350601196289,206.33999633789062,18.360000610351562
2016-09-20,128.63999938964844,53.32086944580078,204.63999938964844,18.389999389648438
2016-09-21,129.94000244140625,54.212520599365234,205.22000122070312,18.489999771118164
2016-09-22,130.0800018310547,54.26884460449219,206.42999267578125,18.6299991607666
2016-09-23,127.95999908447266,53.90279006958008,207.4499969482422,22.6200008392334
2016-09-26,127.30999755859375,53.40535354614258,208.99000549316406,23.3700008392334
2016-09-27,128.69000244140625,54.3908576965332,205.80999755859375,23.719999313354492
2016-09-28,129.22999572753906,54.465938568115234,206.27000427246094,22.959999084472656
2016-09-29,128.08999633789062,53.87464141845703,200.6999969482422,23.010000228881836
2016-09-30,128.27000427246094,54.062355041503906,204.02999877929688,23.049999237060547
2016-10-03,128.77000427246094,53.893409729003906,213.6999969482422,24.0
2016-10-04,128.19000244140625,53.724464416503906,211.41000366210938,23.520000457763672
2016-10-05,128.47000122070312,54.09989929199219,208.4600067138672,24.8700008392334
2016-10-06,128.74000549316406,54.193756103515625,201.0,19.8700008392334
2016-10-07,128.99000549316406,54.25006866455078,196.61000061035156,19.850000381469727
2016-10-10,130.24000549316406,54.4753303527832,200.9499969482422,17.559999465942383
2016-10-11,128.8800048828125,53.677528381347656,200.10000610351562,18.0
2016-10-12,129.0500030517578,53.60244369506836,201.50999450683594,18.049999237060547
2016-10-13,127.81999969482422,53.42412185668945,200.24000549316406,17.790000915527344
2016-10-14,127.87999725341797,53.893409729003906,196.50999450683594,16.8799991607666
2016-10-17,127.54000091552734,53.705692291259766,193.9600067138672,16.729999542236328
2016-10-18,128.57000732421875,54.1186637878418,199.10000610351562,16.829999923706055
2016-10-19,130.11000061035156,53.99665069580078,203.55999755859375,17.06999969482422
2016-10-20,130.0,53.733848571777344,199.10000610351562,16.899999618530273
2016-10-21,132.07000732421875,55.99583053588867,200.08999633789062,18.09000015258789
2016-10-24,133.27999877929688,57.25353240966797,202.75999450683594,18.030000686645508
2016-10-25,132.2899932861328,57.24414825439453,202.33999633789062,17.260000228881836
2016-10-26,131.0399932861328,56.90625,202.24000549316406,17.290000915527344
2016-10-27,129.69000244140625,56.40880584716797,204.00999450683594,17.399999618530273
2016-10-28,131.2899932861328,56.19293212890625,199.97000122070312,17.65999984741211
2016-10-31,130.99000549316406,56.23986053466797,197.72999572753906,17.950000762939453
2016-11-01,129.5,56.127235412597656,190.7899932861328,17.489999771118164
2016-11-02,127.16999816894531,55.77995681762695,188.02000427246094,17.610000610351562
2016-11-03,120.0,55.57347106933594,187.4199981689453,17.579999923706055
2016-11-04,120.75,55.10417938232422,190.55999755859375,18.020000457763672
2016-11-07,122.1500015258789,56.70915603637695,193.2100067138672,18.40999984741211
2016-11-08,124.22000122070312,56.75608444213867,194.94000244140625,18.3799991607666
2016-11-09,123.18000030517578,56.47450256347656,190.05999755859375,19.1299991607666
2016-11-10,120.80000305175781,55.09479904174805,185.35000610351562,18.3700008392334
2016-11-11,119.0199966430664,55.3951416015625,188.55999755859375,18.549999237060547
2016-11-14,115.08000183105469,54.550411224365234,181.4499969482422,19.139999389648438
2016-11-15,117.19999694824219,55.62763214111328,183.77000427246094,18.979999542236328
2016-11-16,116.33999633789062,56.36467361450195,183.92999267578125,18.6299991607666
2016-11-17,117.79000091552734,57.300140380859375,188.66000366210938,18.549999237060547
2016-11-18,117.0199966430664,57.02611541748047,185.02000427246094,18.729999542236328
2016-11-21,121.7699966430664,57.50802230834961,184.52000427246094,18.600000381469727
2016-11-22,121.47000122070312,57.75369644165039,191.1699981689453,18.6299991607666
2016-11-23,120.83999633789062,57.0733642578125,193.13999938964844,18.219999313354492
2016-11-25,120.37999725341797,57.19620132446289,196.64999389648438,18.059999465942383
2016-11-28,120.41000366210938,57.271793365478516,196.1199951171875,18.299999237060547
2016-11-29,120.87000274658203,57.72535705566406,189.57000732421875,18.190000534057617
2016-11-30,118.41999816894531,56.941070556640625,189.39999389648438,18.489999771118164
2016-12-01,115.0999984741211,55.939449310302734,181.8800048828125,18.030000686645508
2016-12-02,115.4000015258789,55.986698150634766,181.47000122070312,17.93000030517578
2016-12-05,117.43000030517578,56.90327453613281,186.8000030517578,18.229999542236328
2016-12-06,117.30999755859375,56.64814758300781,185.85000610351562,18.229999542236328
2016-12-07,117.94999694824219,57.98993682861328,193.14999389648438,19.479999542236328
2016-12-08,118.91000366210938,57.649757385253906,192.2899932861328,19.639999389648438
2016-12-09,119.68000030517578,58.5568962097168,192.17999267578125,19.649999618530273
2016-12-12,117.7699966430664,58.745872497558594,192.42999267578125,18.93000030517578
2016-12-13,120.30999755859375,59.511260986328125,198.14999389648438,19.3700008392334
2016-12-14,120.20999908447266,59.227783203125,198.69000244140625,18.93000030517578
2016-12-15,120.56999969482422,59.1332893371582,197.5800018310547,18.790000915527344
2016-12-16,119.87000274658203,58.868709564208984,202.49000549316406,18.6299991607666
2016-12-19,119.23999786376953,60.116004943847656,202.72999572753906,18.239999771118164
2016-12-20,119.08999633789062,60.0404167175293,208.7899932861328,17.920000076293945
2016-12-21,119.04000091552734,60.0404167175293,207.6999969482422,17.079999923706055
2016-12-22,117.4000015258789,60.04987716674805,208.4499969482422,16.40999984741211
2016-12-23,117.2699966430664,59.75694274902344,213.33999633789062,16.5
2016-12-27,118.01000213623047,59.794734954833984,219.52999877929688,16.610000610351562
2016-12-28,116.91999816894531,59.52070999145508,219.74000549316406,16.389999389648438
2016-12-29,116.3499984741211,59.435672760009766,214.67999267578125,16.389999389648438
2016-12-30,115.05000305175781,58.71752166748047,213.69000244140625,16.299999237060547
2017-01-03,116.86000061035156,59.1332893371582,216.99000549316406,16.440000534057617
2017-01-04,118.69000244140625,58.868709564208984,226.99000549316406,16.860000610351562
2017-01-05,120.66999816894531,58.868709564208984,226.75,17.09000015258789
2017-01-06,123.41000366210938,59.378971099853516,229.00999450683594,17.170000076293945
2017-01-09,124.9000015258789,59.18998718261719,231.27999877929688,17.5
2017-01-10,124.3499984741211,59.171085357666016,229.8699951171875,17.3700008392334
2017-01-11,126.08999633789062,59.709686279296875,229.72999572753906,17.299999237060547
2017-01-12,126.62000274658203,59.16163635253906,229.58999633789062,17.3799991607666
2017-01-13,128.33999633789062,59.24668502807617,237.75,17.25
2017-01-17,127.87000274658203,59.08604431152344,235.5800018310547,16.959999084472656
2017-01-18,127.91999816894531,59.05769729614258,238.36000061035156,17.110000610351562
2017-01-19,127.55000305175781,58.868709564208984,243.75999450683594,16.790000915527344
2017-01-20,127.04000091552734,59.28447723388672,244.72999572753906,16.579999923706055
2017-01-23,128.92999267578125,59.492366790771484,248.9199981689453,16.610000610351562
2017-01-24,129.3699951171875,60.02152633666992,254.61000061035156,16.520000457763672
2017-01-25,131.47999572753906,60.17270278930664,254.47000122070312,16.729999542236328
2017-01-26,132.77999877929688,60.73020935058594,252.50999450683594,16.809999465942383
2017-01-27,132.17999267578125,62.15704345703125,252.9499969482422,16.56999969482422
2017-01-30,130.97999572753906,61.5428352355957,250.6300048828125,16.940000534057617
2017-01-31,130.32000732421875,61.08927917480469,251.92999267578125,17.6200008392334
2017-02-01,133.22999572753906,60.07822036743164,249.24000549316406,17.239999771118164
2017-02-02,130.83999633789062,59.69078826904297,251.5500030517578,17.780000686645508
2017-02-03,130.97999572753906,60.17270278930664,251.3300018310547,17.610000610351562
2017-02-06,132.05999755859375,60.13490676879883,257.7699890136719,17.93000030517578
2017-02-07,131.83999633789062,59.93647384643555,257.4800109863281,18.260000228881836
2017-02-08,134.1999969482422,59.851436614990234,262.0799865722656,18.719999313354492
2017-02-09,134.13999938964844,60.531776428222656,269.20001220703125,16.40999984741211
2017-02-10,134.19000244140625,60.4750862121582,269.2300109863281,15.579999923706055
2017-02-13,134.0500030517578,61.155426025390625,280.6000061035156,15.8100004196167
2017-02-14,133.85000610351562,61.38359451293945,280.9800109863281,16.520000457763672
2017-02-15,133.44000244140625,61.34556198120117,279.760009765625,16.739999771118164
2017-02-16,133.83999633789062,61.33604431152344,268.95001220703125,16.350000381469727
2017-02-17,133.52999877929688,61.431121826171875,272.2300109863281,16.6200008392334
2017-02-21,133.72000122070312,61.30753707885742,277.3900146484375,16.420000076293945
2017-02-22,136.1199951171875,61.1839485168457,273.510009765625,16.079999923706055
2017-02-23,135.36000061035156,61.431121826171875,255.99000549316406,16.030000686645508
2017-02-24,135.44000244140625,61.431121826171875,257.0,15.979999542236328
2017-02-27,136.41000366210938,61.060367584228516,246.22999572753906,16.059999465942383
2017-02-28,135.5399932861328,60.82270050048828,249.99000549316406,15.770000457763672
2017-03-01,137.4199981689453,61.7353401184082,250.02000427246094,15.789999961853027
2017-03-02,136.75999450683594,60.85122299194336,250.47999572753906,15.789999961853027
2017-03-03,137.1699981689453,61.07937240600586,251.57000732421875,15.75
2017-03-06,137.4199981689453,61.098388671875,251.2100067138672,15.5600004196167
2017-03-07,137.3000030517578,61.221981048583984,248.58999633789062,15.180000305175781
2017-03-08,137.72000122070312,61.78285598754883,246.8699951171875,15.239999771118164
2017-03-09,138.24000549316406,61.53569412231445,244.89999389648438,15.220000267028809
2017-03-10,138.7899932861328,61.72581100463867,243.69000244140625,15.119999885559082
2017-03-13,139.60000610351562,61.51667785644531,246.1699981689453,15.210000038146973
2017-03-14,139.32000732421875,61.23147964477539,258.0,15.319999694824219
2017-03-15,139.72000122070312,61.55470657348633,255.72999572753906,15.029999732971191
2017-03-16,139.99000549316406,61.450130462646484,262.04998779296875,15.1899995803833
2017-03-17,139.83999633789062,61.66878128051758,261.5,15.079999923706055
2017-03-20,139.94000244140625,61.72581100463867,261.9200134277344,15.09000015258789
2017-03-21,138.50999450683594,61.041351318359375,250.67999267578125,14.539999961853027
2017-03-22,139.58999633789062,61.82088088989258,255.00999450683594,14.979999542236328
2017-03-23,139.52999877929688,61.66878128051758,254.77999877929688,14.930000305175781
2017-03-24,140.33999633789062,61.77336502075195,263.1600036621094,15.140000343322754
2017-03-27,140.32000732421875,61.88743209838867,270.2200012207031,14.989999771118164
2017-03-28,141.75999450683594,62.068058013916016,277.45001220703125,14.9399995803833
2017-03-29,142.64999389648438,62.239173889160156,277.3800048828125,15.039999961853027
2017-03-30,142.41000366210938,62.46732711791992,277.9200134277344,14.920000076293945
2017-03-31,142.0500030517578,62.609928131103516,278.29998779296875,14.949999809265137
2017-04-03,142.27999877929688,62.31522750854492,298.5199890136719,14.84000015258789
2017-04-04,141.72999572753906,62.48634719848633,303.70001220703125,14.6899995803833
2017-04-05,141.85000610351562,62.32473373413086,295.0,14.529999732971191
2017-04-06,141.1699981689453,62.48634719848633,298.70001220703125,14.390000343322754
2017-04-07,140.77999877929688,62.43880844116211,302.5400085449219,14.289999961853027
2017-04-10,141.0399932861328,62.29619216918945,312.3900146484375,14.359999656677246
2017-04-11,139.9199981689453,62.24867630004883,308.7099914550781,14.3100004196167
2017-04-12,139.5800018310547,62.01101303100586,296.8399963378906,14.420000076293945
2017-04-13,139.38999938964844,61.74482727050781,304.0,14.300000190734863
2017-04-17,141.4199981689453,62.24867630004883,301.44000244140625,14.399999618530273
2017-04-18,140.9600067138672,62.163124084472656,300.25,14.4399995803833
2017-04-19,142.27000427246094,61.830387115478516,305.5199890136719,14.539999961853027
2017-04-20,143.8000030517578,62.267696380615234,302.510009765625,14.649999618530273
2017-04-21,143.67999267578125,63.12328338623047,305.6000061035156,14.630000114440918
2017-04-24,145.47000122070312,64.197509765625,308.0299987792969,14.710000038146973
2017-04-25,146.49000549316406,64.56828308105469,313.7900085449219,14.65999984741211
2017-04-26,146.55999755859375,64.48271179199219,310.1700134277344,15.819999694824219
2017-04-27,147.6999969482422,64.90099334716797,308.6300048828125,16.610000610351562
2017-04-28,150.25,65.08162689208984,314.07000732421875,16.479999542236328
2017-05-01,152.4600067138672,65.9847412109375,322.8299865722656,17.540000915527344
2017-05-02,152.77999877929688,65.88016510009766,318.8900146484375,18.239999771118164
2017-05-03,151.8000030517578,65.67103576660156,311.0199890136719,18.56999969482422
2017-05-04,150.85000610351562,65.41433715820312,295.4599914550781,18.479999542236328
2017-05-05,150.24000549316406,65.59497833251953,308.3500061035156,18.690000534057617
2017-05-08,151.05999755859375,65.53791809082031,307.19000244140625,18.309999465942383
2017-05-09,150.47999572753906,65.63301086425781,321.260009765625,18.3700008392334
2017-05-10,150.2899932861328,65.88967895507812,325.2200012207031,18.540000915527344
2017-05-11,150.0399932861328,65.08162689208984,323.1000061035156,18.389999389648438
2017-05-12,150.3300018310547,65.00557708740234,324.80999755859375,18.610000610351562
2017-05-15,150.19000244140625,65.05310821533203,315.8800048828125,19.229999542236328
2017-05-16,149.77999877929688,66.36296844482422,317.010009765625,19.489999771118164
2017-05-17,144.85000610351562,64.51768493652344,306.1099853515625,18.280000686645508
2017-05-18,147.66000366210938,64.73758697509766,313.05999755859375,18.510000228881836
2017-05-19,148.05999755859375,64.71847534179688,310.8299865722656,18.350000381469727
2017-05-22,148.24000549316406,65.44509887695312,310.3500061035156,18.43000030517578
2017-05-23,148.07000732421875,65.66500854492188,303.8599853515625,18.149999618530273
2017-05-24,150.0399932861328,65.75106048583984,310.2200012207031,17.979999542236328
2017-05-25,151.9600067138672,66.56375122070312,316.8299865722656,17.950000762939453
2017-05-26,152.1300048828125,66.88880157470703,325.1400146484375,18.229999542236328
2017-05-30,152.3800048828125,67.31907653808594,335.1000061035156,18.43000030517578
2017-05-31,151.4600067138672,66.77407836914062,341.010009765625,18.31999969482422
2017-06-01,151.52999877929688,67.02266693115234,340.3699951171875,18.530000686645508
2017-06-02,153.61000061035156,68.60979461669922,339.8500061035156,18.309999465942383
2017-06-05,153.6300048828125,69.10697174072266,347.32000732421875,18.229999542236328
2017-06-06,152.80999755859375,69.33643341064453,352.8500061035156,17.56999969482422
2017-06-07,153.1199951171875,69.21214294433594,359.6499938964844,17.440000534057617
2017-06-08,154.7100067138672,68.79145812988281,370.0,17.59000015258789
2017-06-09,149.60000610351562,67.23301696777344,357.32000732421875,16.899999618530273
2017-06-12,148.44000244140625,66.71670532226562,359.010009765625,17.040000915527344
2017-06-13,150.67999267578125,67.54852294921875,375.95001220703125,16.969999313354492
2017-06-14,150.25,67.18521118164062,380.6600036621094,16.760000228881836
2017-06-15,149.8000030517578,66.83145904541016,375.3399963378906,16.829999923706055
2017-06-16,150.63999938964844,66.92707061767578,371.3999938964844,16.670000076293945
2017-06-19,152.8699951171875,67.75886535644531,369.79998779296875,17.059999465942383
2017-06-20,152.25,66.84101104736328,372.239990234375,16.90999984741211
2017-06-21,153.91000366210938,67.18521118164062,376.3999938964844,17.780000686645508
2017-06-22,153.39999389648438,67.17564392089844,382.6099853515625,18.149999618530273
2017-06-23,155.07000732421875,68.08393859863281,383.45001220703125,18.5
2017-06-26,153.58999633789062,67.43378448486328,377.489990234375,18.290000915527344
2017-06-27,150.5800018310547,66.17173767089844,362.3699951171875,18.1200008392334
2017-06-28,153.24000549316406,66.73584747314453,371.239990234375,17.950000762939453
2017-06-29,151.0399932861328,65.48335266113281,360.75,17.649999618530273
2017-06-30,150.97999572753906,65.9040298461914,361.6099853515625,17.8700008392334
2017-07-03,148.42999267578125,65.1773910522461,352.6199951171875,17.649999618530273
2017-07-05,150.33999633789062,66.04743957519531,327.0899963378906,17.81999969482422
2017-07-06,148.82000732421875,65.5598373413086,308.8299865722656,17.920000076293945
2017-07-07,151.44000244140625,66.4107666015625,313.2200012207031,18.020000457763672
2017-07-10,153.5,66.90794372558594,316.04998779296875,18.079999923706055
2017-07-11,155.27000427246094,66.91748809814453,327.2200012207031,18.639999389648438
2017-07-12,158.89999389648438,68.0265884399414,329.5199890136719,19.25
2017-07-13,159.25999450683594,68.61935424804688,323.4100036621094,19.31999969482422
2017-07-14,159.97000122070312,69.58502960205078,327.7799987792969,19.639999389648438
2017-07-17,159.72999572753906,70.12999725341797,319.57000732421875,19.940000534057617
2017-07-18,162.86000061035156,70.08219146728516,328.239990234375,19.979999542236328
2017-07-19,164.13999938964844,70.61760711669922,325.260009765625,20.1200008392334
2017-07-20,164.52999877929688,70.96180725097656,329.9200134277344,20.530000686645508
2017-07-21,164.42999267578125,70.5506820678711,328.3999938964844,20.110000610351562
2017-07-24,166.0,70.36902618408203,342.5199890136719,20.0
2017-07-25,165.27999877929688,70.93313598632812,339.6000061035156,19.969999313354492
2017-07-26,165.61000061035156,70.79926300048828,343.8500061035156,19.610000610351562
2017-07-27,170.44000244140625,69.9483413696289,334.4599914550781,16.84000015258789
2017-07-28,172.4499969482422,69.8335952758789,335.07000732421875,16.75
2017-07-31,169.25,69.50852966308594,323.4700012207031,16.09000015258789
2017-08-01,169.86000061035156,69.39381408691406,319.57000732421875,16.209999084472656
2017-08-02,169.3000030517578,69.08785247802734,325.8900146484375,16.06999969482422
2017-08-03,168.58999633789062,68.98268127441406,347.0899963378906,16.18000030517578
2017-08-04,169.6199951171875,69.48941802978516,356.9100036621094,16.290000915527344
2017-08-07,171.97999572753906,69.22171020507812,355.1700134277344,16.399999618530273
2017-08-08,171.22999572753906,69.5945816040039,365.2200012207031,16.149999618530273
2017-08-09,171.17999267578125,69.28863525390625,363.5299987792969,16.139999389648438
2017-08-10,167.39999389648438,68.27515411376953,355.3999938964844,15.75
2017-08-11,168.0800018310547,69.31731414794922,357.8699951171875,15.920000076293945
2017-08-14,170.75,70.35945892333984,363.79998779296875,16.09000015258789
2017-08-15,171.0,70.37869262695312,362.3299865722656,15.949999809265137
2017-08-16,170.0,70.79199981689453,362.9100036621094,16.15999984741211
2017-08-17,166.91000366210938,69.59050750732422,351.9200134277344,15.869999885559082
2017-08-18,167.41000366210938,69.67701721191406,347.4599914550781,15.989999771118164
2017-08-21,167.77999877929688,69.35021209716797,337.8599853515625,16.110000610351562
2017-08-22,169.63999938964844,70.32102966308594,341.3500061035156,16.6299991607666
2017-08-23,168.7100067138672,69.89810180664062,352.7699890136719,16.959999084472656
2017-08-24,167.74000549316406,69.86925506591797,352.92999267578125,16.889999389648438
2017-08-25,166.32000732421875,69.99419403076172,348.04998779296875,16.649999618530273
2017-08-28,167.24000549316406,70.00382232666016,345.6600036621094,16.770000457763672
2017-08-29,168.0500030517578,70.21527862548828,347.3599853515625,16.93000030517578
2017-08-30,169.9199981689453,71.13802337646484,353.17999267578125,16.93000030517578
2017-08-31,171.97000122070312,71.86854553222656,355.8999938964844,16.90999984741211
2017-09-01,172.02000427246094,71.07074737548828,355.3999938964844,16.860000610351562
2017-09-05,170.72000122070312,70.75355529785156,349.5899963378906,16.649999618530273
2017-09-06,172.08999633789062,70.55170440673828,344.5299987792969,16.829999923706055
2017-09-07,173.2100067138672,71.45521545410156,350.6099853515625,17.219999313354492
2017-09-08,170.9499969482422,71.10919952392578,343.3999938964844,17.450000762939453
2017-09-11,173.50999450683594,71.85892486572266,363.69000244140625,17.65999984741211
2017-09-12,172.9600067138672,71.78203582763672,362.75,18.170000076293945
2017-09-13,173.0500030517578,72.29147338867188,366.2300109863281,18.200000762939453
2017-09-14,170.9600067138672,71.86854553222656,377.6400146484375,18.209999084472656
2017-09-15,171.63999938964844,72.3875732421875,379.80999755859375,18.010000228881836
2017-09-18,170.00999450683594,72.243408203125,385.0,17.600000381469727
2017-09-19,172.52000427246094,72.5125503540039,375.1000061035156,17.760000228881836
2017-09-20,172.1699981689453,72.03194427490234,373.9100036621094,17.6200008392334
2017-09-21,171.11000061035156,71.33026123046875,366.4800109863281,17.579999923706055
2017-09-22,170.5399932861328,71.52250671386719,351.0899963378906,17.610000610351562
2017-09-25,162.8699951171875,70.41712951660156,344.989990234375,16.979999542236328
2017-09-26,164.2100067138672,70.41712951660156,345.25,16.59000015258789
2017-09-27,167.67999267578125,70.98423767089844,340.9700012207031,16.950000762939453
2017-09-28,168.72999572753906,71.00347137451172,339.6000061035156,16.850000381469727
2017-09-29,170.8699951171875,71.59940338134766,341.1000061035156,16.8700008392334
2017-10-02,169.47000122070312,71.71473693847656,341.5299987792969,17.09000015258789
2017-10-03,169.9600067138672,71.37833404541016,348.1400146484375,17.59000015258789
2017-10-04,168.4199981689453,71.79164123535156,355.010009765625,17.75
2017-10-05,171.24000549316406,73.02196502685547,355.3299865722656,18.25
2017-10-06,172.22999572753906,73.05081176757812,356.8800048828125,17.850000381469727
2017-10-09,172.5,73.32955932617188,342.94000244140625,17.670000076293945
2017-10-10,171.58999633789062,73.32955932617188,355.5899963378906,17.40999984741211
2017-10-11,172.74000549316406,73.45450592041016,354.6000061035156,17.729999542236328
2017-10-12,172.5500030517578,74.12733459472656,355.67999267578125,18.450000762939453
2017-10-13,173.74000549316406,74.48297882080078,355.57000732421875,18.6299991607666
2017-10-16,174.52000427246094,74.63677978515625,350.6000061035156,18.329999923706055
2017-10-17,176.11000061035156,74.57910919189453,355.75,18.280000686645508
2017-10-18,176.02999877929688,74.59832763671875,359.6499938964844,18.020000457763672
2017-10-19,174.55999755859375,74.8866958618164,351.80999755859375,17.889999389648438
2017-10-20,174.97999572753906,75.75177001953125,345.1000061035156,17.8700008392334
2017-10-23,171.27000427246094,75.77098846435547,337.0199890136719,17.3700008392334
2017-10-24,171.8000030517578,75.79981994628906,337.3399963378906,17.25
2017-10-25,170.60000610351562,75.5787582397461,325.8399963378906,17.139999389648438
2017-10-26,170.6300048828125,75.70369720458984,326.1700134277344,20.309999465942383
2017-10-27,177.8800048828125,80.55773162841797,320.8699951171875,21.68000030517578
2017-10-30,179.8699951171875,80.63463592529297,320.0799865722656,21.25
2017-10-31,180.05999755859375,79.95218658447266,331.5299987792969,20.6200008392334
2017-11-01,182.66000366210938,79.95218658447266,321.0799865722656,20.610000610351562
2017-11-02,178.9199981689453,80.7884292602539,299.260009765625,19.709999084472656
2017-11-03,178.9199981689453,80.87493133544922,306.0899963378906,19.899999618530273
2017-11-06,180.1699981689453,81.192138671875,302.7799987792969,19.389999389648438
2017-11-07,180.25,80.9998779296875,306.04998779296875,19.65999984741211
2017-11-08,179.55999755859375,81.27862548828125,304.3900146484375,19.59000015258789
2017-11-09,179.3000030517578,80.82685852050781,302.989990234375,19.899999618530273
2017-11-10,178.4600067138672,80.61541748046875,302.989990234375,20.31999969482422
2017-11-13,178.77000427246094,80.67308044433594,315.3999938964844,20.170000076293945
2017-11-14,178.07000732421875,80.7884292602539,308.70001220703125,20.049999237060547
2017-11-15,177.9499969482422,80.1605224609375,311.29998779296875,19.90999984741211
2017-11-16,179.58999633789062,80.37303161621094,312.5,20.360000610351562
2017-11-17,179.0,79.60022735595703,315.04998779296875,20.760000228881836
2017-11-20,178.74000549316406,79.72579956054688,308.739990234375,21.1299991607666
2017-11-21,181.86000061035156,80.8753662109375,317.80999755859375,21.8799991607666
2017-11-22,180.8699951171875,80.2861099243164,312.6000061035156,22.270000457763672
2017-11-24,182.77999877929688,80.43099212646484,315.54998779296875,22.420000076293945
2017-11-27,183.02999877929688,81.02027893066406,316.80999755859375,21.81999969482422
2017-11-28,182.4199981689453,81.99595642089844,317.54998779296875,21.829999923706055
2017-11-29,175.1300048828125,80.5082778930664,307.5400085449219,20.790000915527344
2017-11-30,177.17999267578125,81.31007385253906,308.8500061035156,20.579999923706055
2017-12-01,175.10000610351562,81.39702606201172,306.5299987792969,20.709999084472656
2017-12-04,171.47000122070312,78.32508087158203,305.20001220703125,20.399999618530273
2017-12-05,172.8300018310547,78.81773376464844,303.70001220703125,20.770000457763672
2017-12-06,176.05999755859375,79.96730041503906,313.260009765625,21.09000015258789
2017-12-07,180.13999938964844,79.68714904785156,311.239990234375,21.010000228881836
2017-12-08,179.0,81.30042266845703,315.1300048828125,21.100000381469727
2017-12-11,179.0399932861328,82.33406066894531,328.9100036621094,22.049999237060547
2017-12-12,176.9600067138672,82.67216491699219,341.0299987792969,21.649999618530273
2017-12-13,178.3000030517578,82.44998168945312,339.0299987792969,21.65999984741211
2017-12-14,178.38999938964844,81.8124008178711,337.8900146484375,22.579999923706055
2017-12-15,180.17999267578125,83.89901733398438,343.45001220703125,22.229999542236328
2017-12-18,180.82000732421875,83.44498443603516,338.8699951171875,24.68000030517578
2017-12-19,179.50999450683594,82.91368103027344,331.1000061035156,25.079999923706055
2017-12-20,177.88999938964844,82.61421203613281,328.9800109863281,25.200000762939453
2017-12-21,177.4499969482422,82.59489440917969,331.6600036621094,25.049999237060547
2017-12-22,177.1999969482422,82.60453796386719,325.20001220703125,24.459999084472656
2017-12-26,175.99000549316406,82.49828338623047,317.2900085449219,24.260000228881836
2017-12-27,177.6199951171875,82.79774475097656,311.6400146484375,24.229999542236328
2017-12-28,177.9199981689453,82.80741119384766,315.3599853515625,24.309999465942383
2017-12-29,176.4600067138672,82.633544921875,311.3500061035156,24.010000228881836
