Date,FB,MSFT,NOK,TSLA
2014-12-30,79.22000122070312,42.097618103027344,6.721719264984131,222.22999572753906
2014-12-31,78.0199966430664,41.587284088134766,6.64562463760376,222.41000366210938
2015-01-02,78.44999694824219,41.86484146118164,6.772449493408203,219.30999755859375
2015-01-05,77.19000244140625,41.47986602783203,6.47652530670166,210.08999633789062
2015-01-06,76.1500015258789,40.871036529541016,6.375064849853516,211.27999877929688
2015-01-07,76.1500015258789,41.39031982421875,6.391974449157715,210.9499969482422
2015-01-08,78.18000030517578,42.60794448852539,6.42579460144043,210.6199951171875
2015-01-09,77.73999786376953,42.24981689453125,6.383520126342773,206.66000366210938
2015-01-12,76.72000122070312,41.721588134765625,6.358154773712158,202.2100067138672
2015-01-13,76.44999694824219,41.5067138671875,6.307425022125244,204.25
2015-01-14,76.27999877929688,41.14857864379883,6.510344505310059,192.69000244140625
2015-01-15,74.05000305175781,40.718841552734375,6.282059669494629,191.8699951171875
2015-01-16,75.18000030517578,41.39928436279297,6.391974449157715,193.07000732421875
2015-01-20,76.23999786376953,41.533565521240234,6.484979629516602,191.92999267578125
2015-01-21,76.73999786376953,41.112770080566406,6.518798828125,196.57000732421875
2015-01-22,77.6500015258789,42.19610595703125,6.654079437255859,201.6199951171875
2015-01-23,77.83000183105469,42.240867614746094,6.679444789886475,201.2899932861328
2015-01-26,77.5,42.08866500854492,6.763994216918945,206.5500030517578
2015-01-27,75.77999877929688,38.194061279296875,6.772449493408203,205.97999572753906
2015-01-28,76.23999786376953,36.8779411315918,6.670989513397217,199.3699951171875
2015-01-29,78.0,37.61210632324219,6.552619457244873,205.1999969482422
2015-01-30,75.91000366210938,36.170650482177734,6.42579460144043,203.60000610351562
2015-02-02,74.98999786376953,36.958526611328125,6.42579460144043,210.94000244140625
2015-02-03,75.4000015258789,37.24503707885742,6.654079437255859,218.36000061035156
2015-02-04,75.62999725341797,37.45989227294922,6.501889228820801,218.5500030517578
2015-02-05,75.61000061035156,38.00604248046875,6.611804485321045,220.99000549316406
2015-02-06,74.47000122070312,37.97022247314453,6.468069553375244,217.36000061035156
2015-02-09,74.44000244140625,37.92546081542969,6.375064849853516,217.47999572753906
2015-02-10,75.19000244140625,38.140342712402344,6.569530010223389,216.2899932861328
2015-02-11,76.51000213623047,37.9433708190918,6.628714084625244,212.8000030517578
2015-02-12,76.2300033569336,38.57904052734375,6.738629341125488,202.8800048828125
2015-02-13,75.73999786376953,39.27737808227539,6.780904769897461,203.77000427246094
2015-02-17,75.5999984741211,39.29541778564453,6.797814846038818,204.35000610351562
2015-02-18,76.70999908447266,39.25033950805664,6.789359092712402,204.4600067138672
2015-02-19,79.41999816894531,39.2232780456543,6.789359092712402,211.7100067138672
2015-02-20,79.9000015258789,39.54789352416992,6.823178768157959,217.11000061035156
2015-02-23,78.83999633789062,39.80937957763672,6.738629341125488,207.33999633789062
2015-02-24,78.44999694824219,39.755279541015625,6.772449493408203,204.11000061035156
2015-02-25,79.55999755859375,39.665103912353516,6.780904769897461,203.75999450683594
2015-02-26,80.41000366210938,39.72822570800781,6.772449493408203,207.19000244140625
2015-02-27,78.97000122070312,39.53887176513672,6.772449493408203,203.33999633789062
2015-03-02,79.75,39.5659294128418,6.831634044647217,197.3300018310547
2015-03-03,79.5999984741211,39.024906158447266,6.814724445343018,199.55999755859375
2015-03-04,80.9000015258789,38.826534271240234,6.806270122528076,202.44000244140625
2015-03-05,81.20999908447266,38.87162780761719,6.814724445343018,200.6300048828125
2015-03-06,80.01000213623047,38.19536209106445,6.620259761810303,193.8800048828125
2015-03-09,79.44000244140625,38.63718795776367,6.64562463760376,190.8800048828125
2015-03-10,77.55000305175781,37.89780044555664,6.451159477233887,190.32000732421875
2015-03-11,77.56999969482422,37.852718353271484,6.535709381103516,193.74000549316406
2015-03-12,78.93000030517578,36.98710632324219,6.527254581451416,191.07000732421875
2015-03-13,78.05000305175781,37.31171417236328,6.510344505310059,188.67999267578125
2015-03-16,78.06999969482422,37.4740104675293,6.577984809875488,195.6999969482422
2015-03-17,79.36000061035156,37.60024642944336,6.484979629516602,194.72999572753906
2015-03-18,80.91000366210938,38.32159423828125,6.670989513397217,200.7100067138672
2015-03-19,82.75,38.13224792480469,6.577984809875488,195.64999389648438
2015-03-20,83.80000305175781,38.664241790771484,6.64562463760376,198.0800018310547
2015-03-23,84.43000030517578,38.646209716796875,6.662534236907959,199.6300048828125
2015-03-24,85.30999755859375,38.68227005004883,6.721719264984131,201.72000122070312
2015-03-25,82.91999816894531,37.383846282958984,6.64562463760376,194.3000030517578
2015-03-26,83.01000213623047,37.15842056274414,6.4596147537231445,190.41000366210938
2015-03-27,83.30000305175781,36.9420280456543,6.510344505310059,185.0
2015-03-30,83.19999694824219,36.93301010131836,6.535709381103516,190.57000732421875
2015-03-31,82.22000122070312,36.66249465942383,6.408884525299072,188.77000427246094
2015-04-01,81.66999816894531,36.71660232543945,6.383520126342773,187.58999633789062
2015-04-02,81.55999755859375,36.32888412475586,6.468069553375244,191.0
2015-04-06,82.44000244140625,37.46499252319336,6.594894886016846,203.10000610351562
2015-04-07,82.31999969482422,37.446956634521484,6.544164657592773,203.25
2015-04-08,82.27999877929688,37.34777069091797,6.544164657592773,207.6699981689453
2015-04-09,82.16999816894531,37.401885986328125,6.535709381103516,210.08999633789062
2015-04-10,82.04000091552734,37.618282318115234,6.814724445343018,210.89999389648438
2015-04-13,83.01000213623047,37.654354095458984,7.01764440536499,209.77999877929688
2015-04-14,83.5199966430664,37.555171966552734,6.7301740646362305,207.4600067138672
2015-04-15,82.70999908447266,38.10519027709961,6.628714084625244,207.8300018310547
2015-04-16,82.30999755859375,38.01502990722656,6.569530010223389,206.6999969482422
2015-04-17,80.77999877929688,37.528114318847656,6.442704200744629,206.7899932861328
2015-04-20,83.08999633789062,38.6912841796875,6.434249401092529,205.27000427246094
2015-04-21,83.62000274658203,38.44784164428711,6.628714084625244,209.41000366210938
2015-04-22,84.62999725341797,38.763427734375,6.763994216918945,219.44000244140625
2015-04-23,82.41000366210938,39.07901382446289,6.637169361114502,218.60000610351562
2015-04-24,81.52999877929688,43.16364669799805,6.561074256896973,218.42999267578125
2015-04-27,81.91000366210938,43.30791473388672,6.468069553375244,231.5500030517578
2015-04-28,80.68000030517578,44.32682418823242,6.484979629516602,230.47999572753906
2015-04-29,80.47000122070312,44.23664855957031,6.332789421081543,232.4499969482422
2015-04-30,78.7699966430664,43.857940673828125,5.563385486602783,226.0500030517578
2015-05-01,78.98999786376953,43.87598419189453,5.495745658874512,226.02999877929688
2015-05-04,78.80999755859375,43.49727249145508,5.529565334320068,230.50999450683594
2015-05-05,77.55999755859375,42.920188903808594,5.526027202606201,232.9499969482422
2015-05-06,78.0999984741211,41.7299690246582,5.61264181137085,230.42999267578125
2015-05-07,78.43000030517578,42.10867691040039,5.820517539978027,236.8000030517578
2015-05-08,78.51000213623047,43.05544662475586,6.002408504486084,236.61000061035156
2015-05-11,78.01000213623047,42.712799072265625,5.9677629470825195,239.49000549316406
2015-05-12,77.45999908447266,42.69477844238281,5.907132625579834,244.74000549316406
2015-05-13,78.44000244140625,42.947242736816406,5.950439929962158,243.17999267578125
2015-05-14,81.37000274658203,43.93008041381836,6.045716285705566,244.10000610351562
2015-05-15,80.41999816894531,43.55136489868164,5.976424217224121,248.83999633789062
2015-05-18,80.87999725341797,43.28988265991211,6.028393268585205,248.75
2015-05-19,80.62999725341797,43.18097686767578,6.045716285705566,247.13999938964844
2015-05-20,80.55000305175781,43.18097686767578,6.175638198852539,244.35000610351562
2015-05-21,80.4800033569336,43.0357666015625,6.357529640197754,245.6199951171875
2015-05-22,80.54000091552734,42.563838958740234,6.253591537475586,247.72999572753906
2015-05-26,79.33000183105469,42.28251266479492,6.218945503234863,247.4600067138672
2015-05-27,80.55000305175781,43.20820236206055,6.366191387176514,247.42999267578125
2015-05-28,80.1500015258789,43.06299591064453,6.392175197601318,251.4499969482422
2015-05-29,79.19000244140625,42.52754592895508,6.31422233581543,250.8000030517578
2015-06-01,80.29000091552734,42.86333084106445,6.288237571716309,249.4499969482422
2015-06-02,80.44000244140625,42.581993103027344,6.348868370056152,248.35000610351562
2015-06-03,82.44000244140625,42.518463134765625,6.374852180480957,248.99000549316406
2015-06-04,82.05000305175781,42.07377243041992,6.357529640197754,245.9199981689453
2015-06-05,82.13999938964844,41.874107360839844,6.1669769287109375,249.13999938964844
2015-06-08,80.66999816894531,41.502017974853516,6.1929612159729,256.2900085449219
2015-06-09,80.66999816894531,41.429412841796875,6.1929612159729,256.0
2015-06-10,82.16000366210938,42.300655364990234,6.270914554595947,250.6999969482422
2015-06-11,81.83000183105469,42.14636993408203,6.253591537475586,251.41000366210938
2015-06-12,81.52999877929688,41.71982955932617,6.175638198852539,250.69000244140625
2015-06-15,80.70999908447266,41.27512741088867,6.0717010498046875,250.3800048828125
2015-06-16,81.05999755859375,41.592777252197266,6.184299945831299,253.1199951171875
2015-06-17,81.79000091552734,41.71982955932617,6.1669769287109375,260.4100036621094
2015-06-18,82.91000366210938,42.40048599243164,6.296899318695068,261.8900146484375
2015-06-19,82.51000213623047,41.83781051635742,6.227606773376465,262.510009765625
2015-06-22,84.73999786376953,41.95579147338867,6.322883605957031,259.7900085449219
2015-06-23,87.87999725341797,41.665382385253906,6.348868370056152,267.6700134277344
2015-06-24,88.86000061035156,41.420345306396484,6.2622528076171875,265.1700134277344
2015-06-25,87.9800033569336,41.429412841796875,6.270914554595947,268.7900085449219
2015-06-26,88.01000213623047,41.07546615600586,6.2622528076171875,267.0899963378906
2015-06-29,85.80000305175781,40.26775360107422,5.985085964202881,262.0199890136719
2015-06-30,85.7699966430664,40.06809997558594,5.933116912841797,268.260009765625
2015-07-01,86.91000366210938,40.34035873413086,5.924455165863037,269.1499938964844
2015-07-02,87.29000091552734,40.29497146606445,5.829178810119629,280.0199890136719
2015-07-06,87.55000305175781,40.2859001159668,5.61264181137085,279.7200012207031
2015-07-07,87.22000122070312,40.204227447509766,5.655949592590332,267.8800048828125
2015-07-08,85.6500015258789,40.149776458740234,5.474058628082275,254.9600067138672
2015-07-09,85.87999725341797,40.403892517089844,5.586657524108887,257.9200134277344
2015-07-10,87.94999694824219,40.48556900024414,5.803194522857666,259.1499938964844
2015-07-13,90.0999984741211,41.32958984375,5.811855792999268,262.1600036621094
2015-07-14,89.68000030517578,41.40217971801758,5.829178810119629,265.6499938964844
2015-07-15,89.76000213623047,41.52924346923828,5.7598876953125,263.1400146484375
2015-07-16,90.8499984741211,42.34603500366211,5.785871505737305,266.67999267578125
2015-07-17,94.97000122070312,42.30973434448242,5.881148338317871,274.6600036621094
2015-07-20,97.91000366210938,42.581993103027344,5.8724870681762695,282.260009765625
2015-07-21,98.38999938964844,42.90871047973633,5.846501350402832,266.7699890136719
2015-07-22,97.04000091552734,41.32958984375,5.7945332527160645,267.8699951171875
2015-07-23,95.44000244140625,41.84688186645508,5.820517539978027,267.20001220703125
2015-07-24,96.94999694824219,41.69260025024414,5.837840557098389,265.4100036621094
2015-07-27,94.16999816894531,41.157142639160156,5.768548488616943,253.00999450683594
2015-07-28,95.29000091552734,41.1480712890625,5.733902454376221,264.82000732421875
2015-07-29,96.98999786376953,42.01023864746094,5.707918643951416,263.82000732421875
2015-07-30,95.20999908447266,42.545692443847656,6.089023590087891,266.7900085449219
2015-07-31,94.01000213623047,42.38233947753906,6.106346607208252,266.1499938964844
2015-08-03,94.13999938964844,42.48216247558594,6.002408504486084,259.989990234375
2015-08-04,94.05999755859375,43.14466857910156,5.950439929962158,266.2799987792969
2015-08-05,96.44000244140625,43.18097686767578,5.933116912841797,270.1300048828125
2015-08-06,95.12000274658203,42.30973434448242,5.898470878601074,246.1300048828125
2015-08-07,94.30000305175781,42.418643951416016,5.8724870681762695,242.50999450683594
2015-08-10,94.1500015258789,42.95408248901367,5.950439929962158,241.13999938964844
2015-08-11,93.62000274658203,42.11914825439453,5.75122594833374,237.3699951171875
2015-08-12,94.19000244140625,42.418643951416016,5.75122594833374,238.1699981689453
2015-08-13,93.43000030517578,42.409568786621094,5.75122594833374,242.50999450683594
2015-08-14,94.41999816894531,42.654605865478516,5.725241184234619,243.14999389648438
2015-08-17,93.93000030517578,42.945011138916016,5.725241184234619,254.99000549316406
2015-08-18,95.16999816894531,43.18252944946289,5.716579914093018,260.7200012207031
2015-08-19,95.30999755859375,42.57959747314453,5.5953192710876465,255.25
2015-08-20,90.55999755859375,41.711753845214844,5.396103858947754,242.17999267578125
2015-08-21,86.05999755859375,39.34571075439453,5.318150997161865,230.77000427246094
2015-08-24,82.08999633789062,38.075897216796875,5.084291458129883,218.8699951171875
2015-08-25,83.0,36.97053146362305,5.240198135375977,220.02999877929688
2015-08-26,87.19000244140625,39.016841888427734,5.413427352905273,224.83999633789062
2015-08-27,89.7300033569336,40.10393524169922,5.474058628082275,242.99000549316406
2015-08-28,91.01000213623047,40.13134765625,5.474058628082275,248.47999572753906
2015-08-31,89.43000030517578,39.75679016113281,5.404766082763672,249.05999755859375
2015-09-01,87.2300033569336,38.20379638671875,5.292166709899902,238.6300048828125
2015-09-02,89.88999938964844,39.610626220703125,5.3874430656433105,247.69000244140625
2015-09-03,88.1500015258789,39.738521575927734,5.4394121170043945,245.57000732421875
2015-09-04,88.26000213623047,38.92549133300781,5.335474014282227,241.92999267578125
2015-09-08,89.52999877929688,40.09479904174805,5.517365455627441,248.1699981689453
2015-09-09,90.44000244140625,39.34571075439453,5.569334506988525,248.91000366210938
2015-09-10,91.9800033569336,39.54668045043945,5.673272609710693,248.47999572753906
2015-09-11,92.05000305175781,39.72025680541992,5.638626575469971,250.24000549316406
2015-09-14,92.30999755859375,39.318302154541016,5.733902454376221,253.19000244140625
2015-09-15,92.9000015258789,40.17702102661133,5.716579914093018,253.57000732421875
2015-09-16,93.44999694824219,40.46934509277344,5.820517539978027,262.25
2015-09-17,94.33999633789062,40.42366409301758,5.837840557098389,262.07000732421875
2015-09-18,94.4000015258789,39.72025680541992,5.716579914093018,260.6199951171875
2015-09-21,95.55000305175781,40.29578399658203,5.733902454376221,264.20001220703125
2015-09-22,92.95999908447266,40.10393524169922,5.647287845611572,260.94000244140625
2015-09-23,93.97000122070312,40.0765266418457,5.7598876953125,261.05999755859375
2015-09-24,94.41000366210938,40.11307144165039,5.768548488616943,263.1199951171875
2015-09-25,92.7699966430664,40.14047622680664,5.690595626831055,256.9100036621094
2015-09-28,89.20999908447266,39.54668045043945,5.5953192710876465,248.42999267578125
2015-09-29,86.66999816894531,39.683719635009766,5.699256896972656,246.64999389648438
2015-09-30,89.9000015258789,40.43280792236328,5.8724870681762695,248.39999389648438
2015-10-01,90.94999694824219,40.752540588378906,5.785871505737305,239.8800048828125
2015-10-02,92.06999969482422,41.62953567504883,5.985085964202881,247.57000732421875
2015-10-05,94.01000213623047,42.597877502441406,6.002408504486084,246.14999389648438
2015-10-06,92.80000305175781,42.70749282836914,6.045716285705566,241.4600067138672
2015-10-07,92.4000015258789,42.75316619873047,6.097684860229492,231.9600067138672
2015-10-08,92.47000122070312,43.34696578979492,6.097684860229492,226.72000122070312
2015-10-09,93.23999786376953,43.036376953125,6.045716285705566,220.69000244140625
2015-10-12,94.26000213623047,42.93587875366211,5.985085964202881,215.5800018310547
2015-10-13,94.12000274658203,42.835384368896484,5.8898091316223145,219.25
2015-10-14,94.06999969482422,42.6435546875,5.985085964202881,216.8800048828125
2015-10-15,95.95999908447266,42.94501495361328,6.123669624328613,221.30999755859375
2015-10-16,97.54000091552734,43.40177917480469,6.080362319946289,227.00999450683594
2015-10-19,98.47000122070312,43.502262115478516,6.0717010498046875,228.10000610351562
2015-10-20,97.0,43.6392936706543,6.028393268585205,213.02999877929688
2015-10-21,97.11000061035156,43.11858367919922,6.0110697746276855,210.08999633789062
2015-10-22,99.66999816894531,43.87681198120117,6.0630388259887695,211.72000122070312
2015-10-23,102.19000244140625,48.29829788208008,5.898470878601074,209.08999633789062
2015-10-26,103.7699966430664,49.5589599609375,5.820517539978027,215.25999450683594
2015-10-27,103.69999694824219,49.04738235473633,5.699256896972656,210.35000610351562
2015-10-28,104.19999694824219,49.31230926513672,5.75122594833374,212.9600067138672
2015-10-29,104.87999725341797,48.74592208862305,6.340206146240234,211.6300048828125
2015-10-30,101.97000122070312,48.08817672729492,6.426821231842041,206.92999267578125
2015-11-02,103.30999755859375,48.636295318603516,6.444144248962402,213.7899932861328
2015-11-03,102.58000183105469,49.467620849609375,6.565405368804932,208.35000610351562
2015-11-04,103.94000244140625,49.69599533081055,6.5394206047058105,231.6300048828125
2015-11-05,108.76000213623047,49.67771911621094,6.504774570465088,231.77000427246094
2015-11-06,107.0999984741211,50.171024322509766,6.504774570465088,232.36000061035156
2015-11-09,106.48999786376953,49.476749420166016,6.435482501983643,225.3300018310547
2015-11-10,107.91000366210938,48.88294982910156,6.253591537475586,216.5
2015-11-11,109.01000213623047,49.0108528137207,6.331544876098633,219.0800018310547
2015-11-12,108.0199966430664,48.70937728881836,6.30556058883667,212.94000244140625
2015-11-13,103.94999694824219,48.27089309692383,6.184299945831299,207.19000244140625
2015-11-16,104.04000091552734,49.12046432495117,6.30556058883667,214.30999755859375
2015-11-17,105.12999725341797,48.715816497802734,6.279575824737549,214.0
2015-11-18,107.7699966430664,49.5251350402832,6.331544876098633,221.07000732421875
2015-11-19,106.26000213623047,49.60791015625,6.296899318695068,221.8000030517578
2015-11-20,107.31999969482422,49.83782196044922,6.40083646774292,220.00999450683594
2015-11-23,106.94999694824219,49.83782196044922,6.340206146240234,217.75
2015-11-24,105.73999786376953,49.89300537109375,6.288237571716309,218.25
2015-11-25,105.41000366210938,49.377986907958984,6.279575824737549,229.63999938964844
2015-11-27,105.44999694824219,49.59870147705078,6.227606773376465,231.61000061035156
2015-11-30,104.23999786376953,49.984981536865234,6.244930267333984,230.25999450683594
2015-12-01,107.12000274658203,50.78510665893555,6.418159484863281,237.19000244140625
2015-12-02,106.06999969482422,50.77590560913086,6.444144248962402,231.99000549316406
2015-12-03,104.37999725341797,49.84702682495117,6.366191387176514,232.7100067138672
2015-12-04,106.18000030517578,51.4196891784668,6.418159484863281,230.3800048828125
2015-12-07,105.61000061035156,51.327728271484375,6.392175197601318,231.1300048828125
2015-12-08,106.48999786376953,51.309326171875,6.30556058883667,226.72000122070312
2015-12-09,104.5999984741211,50.56438064575195,6.123669624328613,224.52000427246094
2015-12-10,105.41999816894531,50.831092834472656,6.080362319946289,227.07000732421875
2015-12-11,102.12000274658203,49.71826934814453,5.976424217224121,217.02000427246094
2015-12-14,104.66000366210938,50.7115364074707,6.019731521606445,218.5800018310547
2015-12-15,104.55000305175781,50.76671600341797,6.028393268585205,221.08999633789062
2015-12-16,106.79000091552734,51.62202072143555,6.158315658569336,234.50999450683594
2015-12-17,106.22000122070312,51.2265510559082,6.019731521606445,233.38999938964844
2015-12-18,104.04000091552734,49.78264236450195,5.924455165863037,230.4600067138672
2015-12-21,104.7699966430664,50.42643356323242,6.140992641448975,232.55999755859375
2015-12-22,105.51000213623047,50.90465545654297,6.253591537475586,229.9499969482422
2015-12-23,104.62999725341797,51.336910247802734,6.184299945831299,229.6999969482422
2015-12-24,105.0199966430664,51.1989631652832,6.175638198852539,230.57000732421875
2015-12-28,105.93000030517578,51.45648193359375,6.132330894470215,228.9499969482422
2015-12-29,107.26000213623047,52.0082893371582,6.244930267333984,237.19000244140625
2015-12-30,106.22000122070312,51.787559509277344,6.1669769287109375,238.08999633789062
2015-12-31,104.66000366210938,51.024227142333984,6.080362319946289,240.00999450683594
2016-01-04,102.22000122070312,50.398834228515625,6.218945503234863,223.41000366210938
2016-01-05,102.7300033569336,50.628761291503906,6.1929612159729,223.42999267578125
2016-01-06,102.97000122070312,49.70907211303711,6.132330894470215,219.0399932861328
2016-01-07,97.91999816894531,47.98005676269531,6.184299945831299,215.64999389648438
2016-01-08,97.33000183105469,48.12721633911133,6.348868370056152,211.0
2016-01-11,97.51000213623047,48.09961700439453,6.426821231842041,207.85000610351562
2016-01-12,99.37000274658203,48.541072845458984,6.461467266082764,209.97000122070312
2016-01-13,95.44000244140625,47.49263000488281,6.30556058883667,200.30999755859375
2016-01-14,98.37000274658203,48.84457015991211,6.392175197601318,206.17999267578125
2016-01-15,94.97000122070312,46.89483642578125,6.20162296295166,204.99000549316406
2016-01-19,95.26000213623047,46.49937057495117,6.227606773376465,204.72000122070312
2016-01-20,94.3499984741211,46.71089553833008,6.140992641448975,198.6999969482422
2016-01-21,94.16000366210938,46.425785064697266,6.140992641448975,199.97000122070312
2016-01-22,97.94000244140625,48.090415954589844,6.288237571716309,202.5500030517578
2016-01-25,97.01000213623047,47.630577087402344,6.20162296295166,196.3800048828125
2016-01-26,97.33999633789062,47.98005676269531,6.30556058883667,193.55999755859375
2016-01-27,94.44999694824219,47.10635757446289,6.218945503234863,188.07000732421875
2016-01-28,109.11000061035156,47.87889099121094,6.149653911590576,189.6999969482422
2016-01-29,112.20999908447266,50.66554260253906,6.236268997192383,191.1999969482422
2016-02-01,115.08999633789062,50.316062927246094,5.49138069152832,196.94000244140625
2016-02-02,114.61000061035156,48.743404388427734,5.422089576721191,182.77999877929688
2016-02-03,112.69000244140625,47.97085952758789,5.534688472747803,173.47999572753906
2016-02-04,110.48999786376953,47.8237190246582,5.404766082763672,175.3300018310547
2016-02-05,104.06999969482422,46.13149642944336,5.1622443199157715,162.60000610351562
2016-02-08,99.75,45.44171142578125,5.05830717086792,147.99000549316406
2016-02-09,99.54000091552734,45.32216262817383,5.092952728271484,148.25
2016-02-10,101.0,45.71763229370117,5.040984153747559,143.6699981689453
2016-02-11,101.91000366210938,45.69923400878906,5.092952728271484,150.47000122070312
2016-02-12,102.01000213623047,46.44418716430664,5.075630187988281,151.0399932861328
2016-02-16,101.61000061035156,47.324161529541016,5.136260509490967,155.1699981689453
2016-02-17,105.19999694824219,48.55612564086914,5.292166709899902,168.67999267578125
2016-02-18,103.47000122070312,48.343074798583984,5.318150997161865,166.77000427246094
2016-02-19,104.56999969482422,48.00033950805664,5.196890354156494,166.5800018310547
2016-02-22,107.16000366210938,48.76917266845703,5.361458778381348,177.74000549316406
2016-02-23,105.45999908447266,47.40752410888672,5.266182899475098,177.2100067138672
2016-02-24,106.87999725341797,47.574256896972656,5.283505439758301,179.0
2016-02-25,108.06999969482422,48.25971984863281,5.370120048522949,187.42999267578125
2016-02-26,107.91999816894531,47.518672943115234,5.274843692779541,190.33999633789062
2016-02-29,106.91999816894531,47.129642486572266,5.222875118255615,191.92999267578125
2016-03-01,109.81999969482422,48.70433807373047,5.318150997161865,186.35000610351562
2016-03-02,109.94999694824219,49.04706573486328,5.326812744140625,188.33999633789062
2016-03-03,109.58000183105469,48.49128341674805,5.266182899475098,195.74000549316406
2016-03-04,108.38999938964844,48.19486999511719,5.326812744140625,201.0399932861328
2016-03-07,105.7300033569336,47.26858139038086,5.326812744140625,205.2899932861328
2016-03-08,105.93000030517578,47.84288024902344,5.118937015533447,202.60000610351562
2016-03-09,107.51000213623047,48.94517517089844,5.127598285675049,208.72000122070312
2016-03-10,107.31999969482422,48.21340560913086,5.144921779632568,205.17999267578125
2016-03-11,109.41000366210938,49.15821075439453,5.205552101135254,207.5
2016-03-14,109.88999938964844,49.25083923339844,5.240198135375977,215.14999389648438
2016-03-15,110.66999816894531,49.63987731933594,5.205552101135254,218.33999633789062
2016-03-16,112.18000030517578,50.34386444091797,5.292166709899902,221.92999267578125
2016-03-17,111.0199966430664,50.631011962890625,5.257521152496338,226.3800048828125
2016-03-18,111.44999694824219,49.5472526550293,5.266182899475098,232.74000549316406
2016-03-21,111.8499984741211,49.88998031616211,5.222875118255615,238.32000732421875
2016-03-22,112.25,50.084503173828125,5.248859882354736,234.24000549316406
2016-03-23,112.54000091552734,49.991878509521484,5.084291458129883,222.5800018310547
2016-03-24,113.05000305175781,50.21418762207031,5.006338119506836,227.75
2016-03-28,113.69000244140625,49.593563079833984,5.032322406768799,230.25999450683594
2016-03-29,116.13999938964844,50.67732620239258,5.101614475250244,230.1300048828125
2016-03-30,114.69999694824219,50.992271423339844,5.222875118255615,226.88999938964844
2016-03-31,114.0999984741211,51.158992767333984,5.118937015533447,229.77000427246094
2016-04-01,116.05999755859375,51.47394561767578,5.0236616134643555,237.58999633789062
2016-04-04,112.55000305175781,51.34426498413086,5.04964542388916,246.99000549316406
2016-04-05,112.22000122070312,50.53839111328125,4.971692085266113,255.47000122070312
2016-04-06,113.70999908447266,51.05710220336914,5.0669684410095215,265.4200134277344
2016-04-07,113.63999938964844,50.445762634277344,4.971692085266113,257.20001220703125
2016-04-08,110.62999725341797,50.40870666503906,5.205552101135254,250.07000732421875
2016-04-11,108.98999786376953,50.30681610107422,5.118937015533447,249.9199981689453
2016-04-12,110.61000061035156,50.62175369262695,5.075630187988281,247.82000732421875
2016-04-13,110.51000213623047,51.27014923095703,5.257521152496338,254.52999877929688
2016-04-14,110.83999633789062,51.279415130615234,5.344135761260986,251.86000061035156
2016-04-15,109.63999938964844,51.54804229736328,5.300828456878662,254.50999450683594
2016-04-18,110.44999694824219,52.298336029052734,5.309490203857422,253.8800048828125
2016-04-19,112.29000091552734,52.23349380493164,5.413427352905273,247.3699951171875
2016-04-20,112.41999816894531,51.49246597290039,5.326812744140625,249.97000122070312
2016-04-21,113.44000244140625,51.668460845947266,5.240198135375977,248.2899932861328
2016-04-22,110.55999755859375,47.96329879760742,5.266182899475098,253.75
2016-04-25,110.0999984741211,48.268978118896484,5.127598285675049,251.82000732421875
2016-04-26,108.76000213623047,47.64836120605469,5.118937015533447,253.74000549316406
2016-04-27,108.88999938964844,47.18521499633789,5.170906066894531,251.47000122070312
2016-04-28,116.7300033569336,46.22187423706055,5.127598285675049,247.7100067138672
2016-04-29,117.58000183105469,46.1940803527832,5.084291458129883,240.75999450683594
2016-05-02,118.56999969482422,46.87954330444336,5.136260509490967,241.8000030517578
2016-05-03,117.43000030517578,46.1107177734375,5.040984153747559,232.32000732421875
2016-05-04,118.05999755859375,46.1940803527832,4.989015102386475,222.55999755859375
2016-05-05,117.80999755859375,46.2589225769043,4.928384780883789,211.52999877929688
2016-05-06,119.48999786376953,46.67575454711914,4.911061763763428,214.92999267578125
2016-05-09,119.23999786376953,46.37934494018555,4.928384780883789,208.9199981689453
2016-05-10,120.5,47.25931930541992,4.599247932434082,208.69000244140625
2016-05-11,119.5199966430664,47.287109375,4.573264122009277,208.9600067138672
2016-05-12,120.27999877929688,47.713199615478516,4.486649036407471,207.27999877929688
2016-05-13,119.80999755859375,47.314903259277344,4.486649036407471,207.61000061035156
2016-05-16,118.66999816894531,48.00961685180664,4.512633323669434,208.2899932861328
2016-05-17,117.3499984741211,47.11415100097656,4.426018238067627,204.66000366210938
2016-05-18,117.6500015258789,47.39398193359375,4.512633323669434,211.1699981689453
2016-05-19,116.80999755859375,46.93692398071289,4.477987289428711,215.2100067138672
2016-05-20,117.3499984741211,47.21675491333008,4.512633323669434,220.27999877929688
2016-05-23,115.97000122070312,46.66643524169922,4.521295070648193,216.22000122070312
2016-05-24,117.69999694824219,48.121551513671875,4.642556190490723,217.91000366210938
2016-05-25,117.88999938964844,48.61591339111328,4.833108425140381,219.5800018310547
2016-05-26,119.47000122070312,48.401371002197266,4.8504319190979,225.1199951171875
2016-05-27,119.37999725341797,48.80247116088867,4.8504319190979,223.0399932861328
2016-05-31,118.80999755859375,49.43675994873047,4.937046051025391,223.22999572753906
2016-06-01,118.77999877929688,49.29682922363281,4.911061763763428,219.55999755859375
2016-06-02,118.93000030517578,48.95172119140625,4.902400016784668,218.9600067138672
2016-06-03,118.47000122070312,48.3080940246582,4.928384780883789,218.99000549316406
2016-06-06,118.79000091552734,48.62525177001953,4.902400016784668,220.67999267578125
2016-06-07,117.76000213623047,48.59726333618164,4.937046051025391,232.33999633789062
2016-06-08,118.38999938964844,48.54128646850586,4.971692085266113,235.52000427246094
2016-06-09,118.55999755859375,48.14952087402344,4.919723033905029,229.36000061035156
2016-06-10,116.62000274658203,48.01893997192383,4.859093189239502,218.7899932861328
2016-06-13,113.94999694824219,46.76902389526367,4.902400016784668,217.8699951171875
2016-06-14,114.94000244140625,46.47987365722656,4.824447154998779,214.9600067138672
2016-06-15,114.5999984741211,46.34928512573242,4.8677544593811035,217.6999969482422
2016-06-16,114.38999938964844,47.00222396850586,5.013533115386963,217.92999267578125
2016-06-17,113.0199966430664,46.75970458984375,5.040929317474365,215.47000122070312
2016-06-20,113.37000274658203,46.70374298095703,5.077457904815674,219.6999969482422
2016-06-21,114.37999725341797,47.748435974121094,5.104854106903076,219.61000061035156
2016-06-22,113.91000366210938,47.561893463134766,5.095722198486328,196.66000366210938
2016-06-23,115.08000183105469,48.4200325012207,5.205307483673096,196.39999389648438
2016-06-24,112.08000183105469,46.47987365722656,4.757833480834961,193.14999389648438
2016-06-27,108.97000122070312,45.17399597167969,4.639116287231445,198.5500030517578
2016-06-28,112.69999694824219,46.1160888671875,4.894815921783447,201.7899932861328
2016-06-29,114.16000366210938,47.14213562011719,5.0591936111450195,210.19000244140625
2016-06-30,114.27999877929688,47.72978210449219,5.196175575256348,212.27999877929688
2016-07-01,114.19000244140625,47.720455169677734,5.168778896331787,216.5
2016-07-05,114.19999694824219,47.72978210449219,4.903947830200195,213.97999572753906
2016-07-06,116.69999694824219,47.92566680908203,4.876551151275635,214.44000244140625
2016-07-07,115.8499984741211,47.92566680908203,4.867419242858887,215.94000244140625
2016-07-08,117.23999786376953,48.783809661865234,4.977004528045654,216.77999877929688
2016-07-11,117.87000274658203,49.0543212890625,5.077457904815674,224.77999877929688
2016-07-12,117.93000030517578,49.632633209228516,5.104854106903076,224.64999389648438
2016-07-13,116.77999877929688,49.91245651245117,5.378818035125732,222.52999877929688
2016-07-14,117.29000091552734,50.12700271606445,5.415346622467041,221.52999877929688
2016-07-15,116.86000061035156,50.08969497680664,5.406213760375977,220.39999389648438
2016-07-18,119.37000274658203,50.332210540771484,5.342289447784424,226.25
2016-07-19,120.61000061035156,49.52070236206055,5.214439868927002,225.25999450683594
2016-07-20,121.91999816894531,52.15110778808594,5.3148932456970215,228.36000061035156
2016-07-21,120.61000061035156,52.04850769042969,5.3148932456970215,220.5
2016-07-22,121.0,52.76674270629883,5.35142183303833,222.27000427246094
2016-07-25,121.62999725341797,52.91596984863281,5.305760860443115,230.00999450683594
2016-07-26,121.22000122070312,52.94395446777344,5.269231796264648,229.50999450683594
2016-07-27,123.33999633789062,52.41228103637695,5.35142183303833,228.49000549316406
2016-07-28,125.0,52.430938720703125,5.2509684562683105,230.61000061035156
2016-07-29,123.94000244140625,52.86933517456055,5.269231796264648,234.7899932861328
2016-08-01,124.30999755859375,52.77606201171875,5.168778896331787,230.00999450683594
2016-08-02,123.08999633789062,52.77606201171875,5.123118877410889,227.1999969482422
2016-08-03,122.51000213623047,53.13984680175781,5.196175575256348,225.7899932861328
2016-08-04,124.36000061035156,53.5316047668457,5.022665023803711,230.61000061035156
2016-08-05,125.1500015258789,54.06327819824219,4.995268821716309,230.02999877929688
2016-08-08,125.26000213623047,54.15656280517578,5.031797885894775,226.16000366210938
2016-08-09,125.05999755859375,54.28714370727539,5.159646987915039,229.0800018310547
2016-08-10,124.87999725341797,54.119258880615234,5.196175575256348,225.64999389648438
2016-08-11,124.9000015258789,54.38042449951172,5.205307483673096,224.91000366210938
2016-08-12,124.87999725341797,54.04463195800781,5.241836071014404,225.61000061035156
2016-08-15,123.9000015258789,54.2125244140625,5.296629428863525,225.58999633789062
2016-08-16,123.30000305175781,53.912174224853516,5.278364658355713,223.61000061035156
2016-08-17,124.37000274658203,54.024803161621094,5.196175575256348,223.24000549316406
2016-08-18,123.91000366210938,54.062355041503906,5.2509684562683105,223.50999450683594
2016-08-19,123.55999755859375,54.08112335205078,5.177911281585693,225.0
2016-08-22,124.1500015258789,54.1280517578125,5.159646987915039,222.92999267578125
2016-08-23,124.37000274658203,54.33454132080078,5.214439868927002,224.83999633789062
2016-08-24,123.4800033569336,54.3908576965332,5.2509684562683105,222.6199951171875
2016-08-25,123.88999938964844,54.59734344482422,5.205307483673096,220.9600067138672
2016-08-26,124.95999908447266,54.465938568115234,5.196175575256348,219.99000549316406
2016-08-29,126.54000091552734,54.53164291381836,5.196175575256348,215.1999969482422
2016-08-30,125.83999633789062,54.33454132080078,5.241836071014404,211.33999633789062
2016-08-31,126.12000274658203,53.93095397949219,5.177911281585693,212.00999450683594
2016-09-01,126.16999816894531,54.0529670715332,5.168778896331787,200.77000427246094
2016-09-02,126.51000213623047,54.1280517578125,5.260100364685059,197.77999877929688
2016-09-06,129.72999572753906,54.07174301147461,5.241836071014404,202.8300018310547
2016-09-07,131.0500030517578,54.1186637878418,5.360553741455078,201.7100067138672
2016-09-08,130.27000427246094,53.90279006958008,5.3240251541137695,197.36000061035156
2016-09-09,127.0999984741211,52.75772476196289,5.205307483673096,194.47000122070312
2016-09-12,128.69000244140625,53.54613494873047,5.187043190002441,198.3000030517578
2016-09-13,127.20999908447266,53.058074951171875,5.113986968994141,196.0500030517578
2016-09-14,127.7699966430664,52.80464553833008,5.022665023803711,196.41000366210938
2016-09-15,128.35000610351562,53.677528381347656,5.077457904815674,200.4199981689453
2016-09-16,129.07000732421875,53.733848571777344,4.995268821716309,205.39999389648438
2016-09-19,128.64999389648438,53.43350601196289,5.031797885894775,206.33999633789062
2016-09-20,128.63999938964844,53.32086944580078,5.022665023803711,204.63999938964844
2016-09-21,129.94000244140625,54.212520599365234,5.095722198486328,205.22000122070312
2016-09-22,130.0800018310547,54.26884460449219,5.241836071014404,206.42999267578125
2016-09-23,127.95999908447266,53.90279006958008,5.168778896331787,207.4499969482422
2016-09-26,127.30999755859375,53.40535354614258,5.132250785827637,208.99000549316406
2016-09-27,128.69000244140625,54.3908576965332,5.214439868927002,205.80999755859375
2016-09-28,129.22999572753906,54.465938568115234,5.241836071014404,206.27000427246094
2016-09-29,128.08999633789062,53.87464141845703,5.223571300506592,200.6999969482422
2016-09-30,128.27000427246094,54.062355041503906,5.287496089935303,204.02999877929688
2016-10-03,128.77000427246094,53.893409729003906,5.2509684562683105,213.6999969482422
2016-10-04,128.19000244140625,53.724464416503906,5.278364658355713,211.41000366210938
2016-10-05,128.47000122070312,54.09989929199219,5.214439868927002,208.4600067138672
2016-10-06,128.74000549316406,54.193756103515625,5.0591936111450195,201.0
2016-10-07,128.99000549316406,54.25006866455078,5.013533115386963,196.61000061035156
2016-10-10,130.24000549316406,54.4753303527832,5.050061225891113,200.9499969482422
2016-10-11,128.8800048828125,53.677528381347656,4.922211647033691,200.10000610351562
2016-10-12,129.0500030517578,53.60244369506836,4.648248672485352,201.50999450683594
2016-10-13,127.81999969482422,53.42412185668945,4.511266708374023,200.24000549316406
2016-10-14,127.87999725341797,53.893409729003906,4.5203986167907715,196.50999450683594
2016-10-17,127.54000091552734,53.705692291259766,4.538662910461426,193.9600067138672
2016-10-18,128.57000732421875,54.1186637878418,4.584322929382324,199.10000610351562
2016-10-19,130.11000061035156,53.99665069580078,4.547794818878174,203.55999755859375
2016-10-20,130.0,53.733848571777344,4.566059112548828,199.10000610351562
2016-10-21,132.07000732421875,55.99583053588867,4.493002414703369,200.08999633789062
2016-10-24,133.27999877929688,57.25353240966797,4.538662910461426,202.75999450683594
2016-10-25,132.2899932861328,57.24414825439453,4.538662910461426,202.33999633789062
2016-10-26,131.0399932861328,56.90625,4.7121734619140625,202.24000549316406
2016-10-27,129.69000244140625,56.40880584716797,4.319491863250732,204.00999450683594
2016-10-28,131.2899932861328,56.19293212890625,4.16424560546875,199.97000122070312
2016-10-31,130.99000549316406,56.23986053466797,4.091189384460449,197.72999572753906
2016-11-01,129.5,56.127235412597656,4.054660797119141,190.7899932861328
2016-11-02,127.16999816894531,55.77995681762695,4.054660797119141,188.02000427246094
2016-11-03,120.0,55.57347106933594,4.009000301361084,187.4199981689453
2016-11-04,120.75,55.10417938232422,3.9359428882598877,190.55999755859375
2016-11-07,122.1500015258789,56.70915603637695,4.054660797119141,193.2100067138672
2016-11-08,124.22000122070312,56.75608444213867,4.054660797119141,194.94000244140625
2016-11-09,123.18000030517578,56.47450256347656,4.063792705535889,190.05999755859375
2016-11-10,120.80000305175781,55.09479904174805,4.100320816040039,185.35000610351562
2016-11-11,119.0199966430664,55.3951416015625,4.036396503448486,188.55999755859375
2016-11-14,115.08000183105469,54.550411224365234,3.9359428882598877,181.4499969482422
2016-11-15,117.19999694824219,55.62763214111328,3.7806971073150635,183.77000427246094
2016-11-16,116.33999633789062,56.36467361450195,3.76243257522583,183.92999267578125
2016-11-17,117.79000091552734,57.300140380859375,3.7898292541503906,188.66000366210938
2016-11-18,117.0199966430664,57.02611541748047,3.7989611625671387,185.02000427246094
2016-11-21,121.7699966430664,57.50802230834961,3.808093547821045,184.52000427246094
2016-11-22,121.47000122070312,57.75369644165039,3.82635760307312,191.1699981689453
2016-11-23,120.83999633789062,57.0733642578125,3.82635760307312,193.13999938964844
2016-11-25,120.37999725341797,57.19620132446289,3.954207181930542,196.64999389648438
2016-11-28,120.41000366210938,57.271793365478516,3.8902831077575684,196.1199951171875
2016-11-29,120.87000274658203,57.72535705566406,3.9176785945892334,189.57000732421875
2016-11-30,118.41999816894531,56.941070556640625,3.9268112182617188,189.39999389648438
2016-12-01,115.0999984741211,55.939449310302734,3.881150007247925,181.8800048828125
2016-12-02,115.4000015258789,55.986698150634766,3.8628859519958496,181.47000122070312
2016-12-05,117.43000030517578,56.90327453613281,4.118585586547852,186.8000030517578
2016-12-06,117.30999755859375,56.64814758300781,4.1733784675598145,185.85000610351562
2016-12-07,117.94999694824219,57.98993682861328,4.29209566116333,193.14999389648438
2016-12-08,118.91000366210938,57.649757385253906,4.1825103759765625,192.2899932861328
2016-12-09,119.68000030517578,58.5568962097168,4.219038963317871,192.17999267578125
2016-12-12,117.7699966430664,58.745872497558594,4.228170871734619,192.42999267578125
2016-12-13,120.30999755859375,59.511260986328125,4.3286237716674805,198.14999389648438
2016-12-14,120.20999908447266,59.227783203125,4.29209566116333,198.69000244140625
2016-12-15,120.56999969482422,59.1332893371582,4.310360431671143,197.5800018310547
2016-12-16,119.87000274658203,58.868709564208984,4.4564738273620605,202.49000549316406
2016-12-19,119.23999786376953,60.116004943847656,4.465605735778809,202.72999572753906
2016-12-20,119.08999633789062,60.0404167175293,4.474738597869873,208.7899932861328
2016-12-21,119.04000091552734,60.0404167175293,4.346888542175293,207.6999969482422
2016-12-22,117.4000015258789,60.04987716674805,4.310360431671143,208.4499969482422
2016-12-23,117.2699966430664,59.75694274902344,4.4564738273620605,213.33999633789062
2016-12-27,118.01000213623047,59.794734954833984,4.483870506286621,219.52999877929688
2016-12-28,116.91999816894531,59.52070999145508,4.383417129516602,219.74000549316406
2016-12-29,116.3499984741211,59.435672760009766,4.410812854766846,214.67999267578125
2016-12-30,115.05000305175781,58.71752166748047,4.39254903793335,213.69000244140625
2017-01-03,116.86000061035156,59.1332893371582,4.356020927429199,216.99000549316406
2017-01-04,118.69000244140625,58.868709564208984,4.41994571685791,226.99000549316406
2017-01-05,120.66999816894531,58.868709564208984,4.474738597869873,226.75
2017-01-06,123.41000366210938,59.378971099853516,4.493002414703369,229.00999450683594
2017-01-09,124.9000015258789,59.18998718261719,4.410812854766846,231.27999877929688
2017-01-10,124.3499984741211,59.171085357666016,4.41994571685791,229.8699951171875
2017-01-11,126.08999633789062,59.709686279296875,4.365152835845947,229.72999572753906
2017-01-12,126.62000274658203,59.16163635253906,4.29209566116333,229.58999633789062
2017-01-13,128.33999633789062,59.24668502807617,4.337756156921387,237.75
2017-01-17,127.87000274658203,59.08604431152344,4.3286237716674805,235.5800018310547
2017-01-18,127.91999816894531,59.05769729614258,4.282963275909424,238.36000061035156
2017-01-19,127.55000305175781,58.868709564208984,4.3286237716674805,243.75999450683594
2017-01-20,127.04000091552734,59.28447723388672,4.346888542175293,244.72999572753906
2017-01-23,128.92999267578125,59.492366790771484,4.273831367492676,248.9199981689453
2017-01-24,129.3699951171875,60.02152633666992,4.264699459075928,254.61000061035156
2017-01-25,131.47999572753906,60.17270278930664,4.219038963317871,254.47000122070312
2017-01-26,132.77999877929688,60.73020935058594,4.310360431671143,252.50999450683594
2017-01-27,132.17999267578125,62.15704345703125,4.237303256988525,252.9499969482422
2017-01-30,130.97999572753906,61.5428352355957,4.145981311798096,250.6300048828125
2017-01-31,130.32000732421875,61.08927917480469,4.1277174949646,251.92999267578125
2017-02-01,133.22999572753906,60.07822036743164,4.1733784675598145,249.24000549316406
2017-02-02,130.83999633789062,59.69078826904297,4.401680946350098,251.5500030517578
2017-02-03,130.97999572753906,60.17270278930664,4.410812854766846,251.3300018310547
2017-02-06,132.05999755859375,60.13490676879883,4.337756156921387,257.7699890136719
2017-02-07,131.83999633789062,59.93647384643555,4.4382100105285645,257.4800109863281
2017-02-08,134.1999969482422,59.851436614990234,4.4564738273620605,262.0799865722656
2017-02-09,134.13999938964844,60.531776428222656,4.465605735778809,269.20001220703125
2017-02-10,134.19000244140625,60.4750862121582,4.4564738273620605,269.2300109863281
2017-02-13,134.0500030517578,61.155426025390625,4.529530048370361,280.6000061035156
2017-02-14,133.85000610351562,61.38359451293945,4.538662910461426,280.9800109863281
2017-02-15,133.44000244140625,61.34556198120117,4.566059112548828,279.760009765625
2017-02-16,133.83999633789062,61.33604431152344,4.629983901977539,268.95001220703125
2017-02-17,133.52999877929688,61.431121826171875,4.611720561981201,272.2300109863281
2017-02-21,133.72000122070312,61.30753707885742,4.648248672485352,277.3900146484375
2017-02-22,136.1199951171875,61.1839485168457,4.6573805809021,273.510009765625
2017-02-23,135.36000061035156,61.431121826171875,4.703040599822998,255.99000549316406
2017-02-24,135.44000244140625,61.431121826171875,4.693909168243408,257.0
2017-02-27,136.41000366210938,61.060367584228516,4.730437755584717,246.22999572753906
2017-02-28,135.5399932861328,60.82270050048828,4.693909168243408,249.99000549316406
2017-03-01,137.4199981689453,61.7353401184082,4.803494453430176,250.02000427246094
2017-03-02,136.75999450683594,60.85122299194336,4.766965866088867,250.47999572753906
2017-03-03,137.1699981689453,61.07937240600586,4.82175874710083,251.57000732421875
2017-03-06,137.4199981689453,61.098388671875,4.82175874710083,251.2100067138672
2017-03-07,137.3000030517578,61.221981048583984,4.776098251342773,248.58999633789062
2017-03-08,137.72000122070312,61.78285598754883,4.730437755584717,246.8699951171875
2017-03-09,138.24000549316406,61.53569412231445,4.82175874710083,244.89999389648438
2017-03-10,138.7899932861328,61.72581100463867,4.903947830200195,243.69000244140625
2017-03-13,139.60000610351562,61.51667785644531,4.894815921783447,246.1699981689453
2017-03-14,139.32000732421875,61.23147964477539,4.876551151275635,258.0
2017-03-15,139.72000122070312,61.55470657348633,4.903947830200195,255.72999572753906
2017-03-16,139.99000549316406,61.450130462646484,4.977004528045654,262.04998779296875
2017-03-17,139.83999633789062,61.66878128051758,4.986136436462402,261.5
2017-03-20,139.94000244140625,61.72581100463867,5.0591936111450195,261.9200134277344
2017-03-21,138.50999450683594,61.041351318359375,4.931344032287598,250.67999267578125
2017-03-22,139.58999633789062,61.82088088989258,4.922211647033691,255.00999450683594
2017-03-23,139.52999877929688,61.66878128051758,4.913080215454102,254.77999877929688
2017-03-24,140.33999633789062,61.77336502075195,4.903947830200195,263.1600036621094
2017-03-27,140.32000732421875,61.88743209838867,4.986136436462402,270.2200012207031
2017-03-28,141.75999450683594,62.068058013916016,4.931344032287598,277.45001220703125
2017-03-29,142.64999389648438,62.239173889160156,4.894815921783447,277.3800048828125
2017-03-30,142.41000366210938,62.46732711791992,4.867419242858887,277.9200134277344
2017-03-31,142.0500030517578,62.609928131103516,4.949608325958252,278.29998779296875
2017-04-03,142.27999877929688,62.31522750854492,4.867419242858887,298.5199890136719
2017-04-04,141.72999572753906,62.48634719848633,4.894815921783447,303.70001220703125
2017-04-05,141.85000610351562,62.32473373413086,4.730437755584717,295.0
2017-04-06,141.1699981689453,62.48634719848633,4.776098251342773,298.70001220703125
2017-04-07,140.77999877929688,62.43880844116211,4.82175874710083,302.5400085449219
2017-04-10,141.0399932861328,62.29619216918945,4.849154472351074,312.3900146484375
2017-04-11,139.9199981689453,62.24867630004883,4.812626361846924,308.7099914550781
2017-04-12,139.5800018310547,62.01101303100586,4.82175874710083,296.8399963378906
2017-04-13,139.38999938964844,61.74482727050781,4.766965866088867,304.0
2017-04-17,141.4199981689453,62.24867630004883,4.803494453430176,301.44000244140625
2017-04-18,140.9600067138672,62.163124084472656,4.776098251342773,300.25
2017-04-19,142.27000427246094,61.830387115478516,4.7213053703308105,305.5199890136719
2017-04-20,143.8000030517578,62.267696380615234,4.812626361846924,302.510009765625
2017-04-21,143.67999267578125,63.12328338623047,4.766965866088867,305.6000061035156
2017-04-24,145.47000122070312,64.197509765625,4.913080215454102,308.0299987792969
2017-04-25,146.49000549316406,64.56828308105469,4.958740234375,313.7900085449219
2017-04-26,146.55999755859375,64.48271179199219,4.903947830200195,310.1700134277344
2017-04-27,147.6999969482422,64.90099334716797,5.223571300506592,308.6300048828125
2017-04-28,150.25,65.08162689208984,5.232704162597656,314.07000732421875
2017-05-01,152.4600067138672,65.9847412109375,5.269231796264648,322.8299865722656
2017-05-02,152.77999877929688,65.88016510009766,5.333157539367676,318.8900146484375
2017-05-03,151.8000030517578,65.67103576660156,5.369685649871826,311.0199890136719
2017-05-04,150.85000610351562,65.41433715820312,5.506667613983154,295.4599914550781
2017-05-05,150.24000549316406,65.59497833251953,5.643649578094482,308.3500061035156
2017-05-08,151.05999755859375,65.53791809082031,5.597989082336426,307.19000244140625
2017-05-09,150.47999572753906,65.63301086425781,5.643649578094482,321.260009765625
2017-05-10,150.2899932861328,65.88967895507812,5.607120513916016,325.2200012207031
2017-05-11,150.0399932861328,65.08162689208984,5.5888566970825195,323.1000061035156
2017-05-12,150.3300018310547,65.00557708740234,5.634517192840576,324.80999755859375
2017-05-15,150.19000244140625,65.05310821533203,5.671045780181885,315.8800048828125
2017-05-16,149.77999877929688,66.36296844482422,5.734970569610596,317.010009765625
2017-05-17,144.85000610351562,64.51768493652344,5.579724311828613,306.1099853515625
2017-05-18,147.66000366210938,64.73758697509766,5.579724311828613,313.05999755859375
2017-05-19,148.05999755859375,64.71847534179688,5.643649578094482,310.8299865722656
2017-05-22,148.24000549316406,65.44509887695312,5.671045780181885,310.3500061035156
2017-05-23,148.07000732421875,65.66500854492188,5.972405910491943,303.8599853515625
2017-05-24,150.0399932861328,65.75106048583984,6.009902477264404,310.2200012207031
2017-05-25,151.9600067138672,66.56375122070312,6.019308090209961,316.8299865722656
2017-05-26,152.1300048828125,66.88880157470703,6.000497817993164,325.1400146484375
2017-05-30,152.3800048828125,67.31907653808594,5.96287727355957,335.1000061035156
2017-05-31,151.4600067138672,66.77407836914062,5.944067001342773,341.010009765625
2017-06-01,151.52999877929688,67.02266693115234,6.103954792022705,340.3699951171875
2017-06-02,153.61000061035156,68.60979461669922,6.160385608673096,339.8500061035156
2017-06-05,153.6300048828125,69.10697174072266,6.150980472564697,347.32000732421875
2017-06-06,152.80999755859375,69.33643341064453,6.075738906860352,352.8500061035156
2017-06-07,153.1199951171875,69.21214294433594,6.150980472564697,359.6499938964844
2017-06-08,154.7100067138672,68.79145812988281,6.1321702003479,370.0
2017-06-09,149.60000610351562,67.23301696777344,6.019308090209961,357.32000732421875
2017-06-12,148.44000244140625,66.71670532226562,5.9722819328308105,359.010009765625
2017-06-13,150.67999267578125,67.54852294921875,6.038118362426758,375.95001220703125
2017-06-14,150.25,67.18521118164062,6.000497817993164,380.6600036621094
2017-06-15,149.8000030517578,66.83145904541016,5.953471660614014,375.3399963378906
2017-06-16,150.63999938964844,66.92707061767578,6.019308090209961,371.3999938964844
2017-06-19,152.8699951171875,67.75886535644531,6.075738906860352,369.79998779296875
2017-06-20,152.25,66.84101104736328,5.991092681884766,372.239990234375
2017-06-21,153.91000366210938,67.18521118164062,6.009902477264404,376.3999938964844
2017-06-22,153.39999389648438,67.17564392089844,6.000497817993164,382.6099853515625
2017-06-23,155.07000732421875,68.08393859863281,6.009902477264404,383.45001220703125
2017-06-26,153.58999633789062,67.43378448486328,5.96287727355957,377.489990234375
2017-06-27,150.5800018310547,66.17173767089844,5.9064459800720215,362.3699951171875
2017-06-28,153.24000549316406,66.73584747314453,5.981687545776367,371.239990234375
2017-06-29,151.0399932861328,65.48335266113281,5.8029890060424805,360.75
2017-06-30,150.97999572753906,65.9040298461914,5.793583869934082,361.6099853515625
2017-07-03,148.42999267578125,65.1773910522461,5.784178733825684,352.6199951171875
2017-07-05,150.33999633789062,66.04743957519531,5.850014686584473,327.0899963378906
2017-07-06,148.82000732421875,65.5598373413086,5.774773597717285,308.8299865722656
2017-07-07,151.44000244140625,66.4107666015625,5.878231048583984,313.2200012207031
2017-07-10,153.5,66.90794372558594,5.887635707855225,316.04998779296875
2017-07-11,155.27000427246094,66.91748809814453,5.8688249588012695,327.2200012207031
2017-07-12,158.89999389648438,68.0265884399414,5.96287727355957,329.5199890136719
2017-07-13,159.25999450683594,68.61935424804688,5.953471660614014,323.4100036621094
2017-07-14,159.97000122070312,69.58502960205078,5.953471660614014,327.7799987792969
2017-07-17,159.72999572753906,70.12999725341797,5.934661388397217,319.57000732421875
2017-07-18,162.86000061035156,70.08219146728516,5.774773597717285,328.239990234375
2017-07-19,164.13999938964844,70.61760711669922,5.850014686584473,325.260009765625
2017-07-20,164.52999877929688,70.96180725097656,5.887635707855225,329.9200134277344
2017-07-21,164.42999267578125,70.5506820678711,5.831204891204834,328.3999938964844
2017-07-24,166.0,70.36902618408203,5.859420299530029,342.5199890136719
2017-07-25,165.27999877929688,70.93313598632812,5.793583869934082,339.6000061035156
2017-07-26,165.61000061035156,70.79926300048828,5.8029890060424805,343.8500061035156
2017-07-27,170.44000244140625,69.9483413696289,5.991092681884766,334.4599914550781
2017-07-28,172.4499969482422,69.8335952758789,6.019308090209961,335.07000732421875
2017-07-31,169.25,69.50852966308594,6.009902477264404,323.4700012207031
2017-08-01,169.86000061035156,69.39381408691406,6.150980472564697,319.57000732421875
2017-08-02,169.3000030517578,69.08785247802734,6.1321702003479,325.8900146484375
2017-08-03,168.58999633789062,68.98268127441406,6.150980472564697,347.0899963378906
2017-08-04,169.6199951171875,69.48941802978516,6.1321702003479,356.9100036621094
2017-08-07,171.97999572753906,69.22171020507812,6.1133599281311035,355.1700134277344
2017-08-08,171.22999572753906,69.5945816040039,6.056928634643555,365.2200012207031
2017-08-09,171.17999267578125,69.28863525390625,5.981687545776367,363.5299987792969
2017-08-10,167.39999389648438,68.27515411376953,5.878231048583984,355.3999938964844
2017-08-11,168.0800018310547,69.31731414794922,5.887635707855225,357.8699951171875
2017-08-14,170.75,70.35945892333984,5.953471660614014,363.79998779296875
2017-08-15,171.0,70.37869262695312,5.953471660614014,362.3299865722656
2017-08-16,170.0,70.79199981689453,5.981687545776367,362.9100036621094
2017-08-17,166.91000366210938,69.59050750732422,5.878231048583984,351.9200134277344
2017-08-18,167.41000366210938,69.67701721191406,5.821799278259277,347.4599914550781
2017-08-21,167.77999877929688,69.35021209716797,5.784178733825684,337.8599853515625
2017-08-22,169.63999938964844,70.32102966308594,5.859420299530029,341.3500061035156
2017-08-23,168.7100067138672,69.89810180664062,5.878231048583984,352.7699890136719
2017-08-24,167.74000549316406,69.86925506591797,5.793583869934082,352.92999267578125
2017-08-25,166.32000732421875,69.99419403076172,5.840609550476074,348.04998779296875
2017-08-28,167.24000549316406,70.00382232666016,5.840609550476074,345.6600036621094
2017-08-29,168.0500030517578,70.21527862548828,5.831204891204834,347.3599853515625
2017-08-30,169.9199981689453,71.13802337646484,5.812394618988037,353.17999267578125
2017-08-31,171.97000122070312,71.86854553222656,5.812394618988037,355.8999938964844
2017-09-01,172.02000427246094,71.07074737548828,5.850014686584473,355.3999938964844
2017-09-05,170.72000122070312,70.75355529785156,5.737152576446533,349.5899963378906
2017-09-06,172.08999633789062,70.55170440673828,5.793583869934082,344.5299987792969
2017-09-07,173.2100067138672,71.45521545410156,5.821799278259277,350.6099853515625
2017-09-08,170.9499969482422,71.10919952392578,5.63369607925415,343.3999938964844
2017-09-11,173.50999450683594,71.85892486572266,5.7183427810668945,363.69000244140625
2017-09-12,172.9600067138672,71.78203582763672,5.727747917175293,362.75
2017-09-13,173.0500030517578,72.29147338867188,5.661911487579346,366.2300109863281
2017-09-14,170.9600067138672,71.86854553222656,5.6525068283081055,377.6400146484375
2017-09-15,171.63999938964844,72.3875732421875,5.793583869934082,379.80999755859375
2017-09-18,170.00999450683594,72.243408203125,5.840609550476074,385.0
2017-09-19,172.52000427246094,72.5125503540039,5.850014686584473,375.1000061035156
2017-09-20,172.1699981689453,72.03194427490234,5.812394618988037,373.9100036621094
2017-09-21,171.11000061035156,71.33026123046875,5.690127372741699,366.4800109863281
2017-09-22,170.5399932861328,71.52250671386719,5.643101215362549,351.0899963378906
2017-09-25,162.8699951171875,70.41712951660156,5.577264785766602,344.989990234375
2017-09-26,164.2100067138672,70.41712951660156,5.567859649658203,345.25
2017-09-27,167.67999267578125,70.98423767089844,5.530239105224609,340.9700012207031
2017-09-28,168.72999572753906,71.00347137451172,5.549049377441406,339.6000061035156
2017-09-29,170.8699951171875,71.59940338134766,5.624290943145752,341.1000061035156
2017-10-02,169.47000122070312,71.71473693847656,5.624290943145752,341.5299987792969
2017-10-03,169.9600067138672,71.37833404541016,5.614885330200195,348.1400146484375
2017-10-04,168.4199981689453,71.79164123535156,5.567859649658203,355.010009765625
2017-10-05,171.24000549316406,73.02196502685547,5.577264785766602,355.3299865722656
2017-10-06,172.22999572753906,73.05081176757812,5.558454990386963,356.8800048828125
2017-10-09,172.5,73.32955932617188,5.567859649658203,342.94000244140625
2017-10-10,171.58999633789062,73.32955932617188,5.567859649658203,355.5899963378906
2017-10-11,172.74000549316406,73.45450592041016,5.530239105224609,354.6000061035156
2017-10-12,172.5500030517578,74.12733459472656,5.483212947845459,355.67999267578125
2017-10-13,173.74000549316406,74.48297882080078,5.577264785766602,355.57000732421875
2017-10-16,174.52000427246094,74.63677978515625,5.520834445953369,350.6000061035156
2017-10-17,176.11000061035156,74.57910919189453,5.483212947845459,355.75
2017-10-18,176.02999877929688,74.59832763671875,5.511429309844971,359.6499938964844
2017-10-19,174.55999755859375,74.8866958618164,5.473808765411377,351.80999755859375
2017-10-20,174.97999572753906,75.75177001953125,5.7183427810668945,345.1000061035156
2017-10-23,171.27000427246094,75.77098846435547,5.671317100524902,337.0199890136719
2017-10-24,171.8000030517578,75.79981994628906,5.63369607925415,337.3399963378906
2017-10-25,170.60000610351562,75.5787582397461,5.690127372741699,325.8399963378906
2017-10-26,170.6300048828125,75.70369720458984,4.476860523223877,326.1700134277344
2017-10-27,177.8800048828125,80.55773162841797,4.6179375648498535,320.8699951171875
2017-10-30,179.8699951171875,80.63463592529297,4.533291816711426,320.0799865722656
2017-10-31,180.05999755859375,79.95218658447266,4.599127769470215,331.5299987792969
2017-11-01,182.66000366210938,79.95218658447266,4.646153926849365,321.0799865722656
2017-11-02,178.9199981689453,80.7884292602539,4.730800151824951,299.260009765625
2017-11-03,178.9199981689453,80.87493133544922,4.674368381500244,306.0899963378906
2017-11-06,180.1699981689453,81.192138671875,4.787230968475342,302.7799987792969
2017-11-07,180.25,80.9998779296875,4.749610424041748,306.04998779296875
2017-11-08,179.55999755859375,81.27862548828125,4.749610424041748,304.3900146484375
2017-11-09,179.3000030517578,80.82685852050781,4.664963722229004,302.989990234375
2017-11-10,178.4600067138672,80.61541748046875,4.6179375648498535,302.989990234375
2017-11-13,178.77000427246094,80.67308044433594,4.570911884307861,315.3999938964844
2017-11-14,178.07000732421875,80.7884292602539,4.542696475982666,308.70001220703125
2017-11-15,177.9499969482422,80.1605224609375,4.552102088928223,311.29998779296875
2017-11-16,179.58999633789062,80.37303161621094,4.62734317779541,312.5
2017-11-17,179.0,79.60022735595703,4.646153926849365,315.04998779296875
2017-11-20,178.74000549316406,79.72579956054688,4.711989879608154,308.739990234375
2017-11-21,181.86000061035156,80.8753662109375,4.749610424041748,317.80999755859375
2017-11-22,180.8699951171875,80.2861099243164,4.749610424041748,312.6000061035156
2017-11-24,182.77999877929688,80.43099212646484,4.777825832366943,315.54998779296875
2017-11-27,183.02999877929688,81.02027893066406,4.711989879608154,316.80999755859375
2017-11-28,182.4199981689453,81.99595642089844,4.749610424041748,317.54998779296875
2017-11-29,175.1300048828125,80.5082778930664,4.7213945388793945,307.5400085449219
2017-11-30,177.17999267578125,81.31007385253906,4.711989879608154,308.8500061035156
2017-12-01,175.10000610351562,81.39702606201172,4.655558109283447,306.5299987792969
2017-12-04,171.47000122070312,78.32508087158203,4.458049774169922,305.20001220703125
2017-12-05,172.8300018310547,78.81773376464844,4.420429229736328,303.70001220703125
2017-12-06,176.05999755859375,79.96730041503906,4.439239978790283,313.260009765625
2017-12-07,180.13999938964844,79.68714904785156,4.354593753814697,311.239990234375
2017-12-08,179.0,81.30042266845703,4.363997936248779,315.1300048828125
2017-12-11,179.0399932861328,82.33406066894531,4.307567596435547,328.9100036621094
2017-12-12,176.9600067138672,82.67216491699219,4.279352188110352,341.0299987792969
2017-12-13,178.3000030517578,82.44998168945312,4.401618957519531,339.0299987792969
2017-12-14,178.38999938964844,81.8124008178711,4.335782527923584,337.8900146484375
2017-12-15,180.17999267578125,83.89901733398438,4.335782527923584,343.45001220703125
2017-12-18,180.82000732421875,83.44498443603516,4.41102409362793,338.8699951171875
2017-12-19,179.50999450683594,82.91368103027344,4.392213821411133,331.1000061035156
2017-12-20,177.88999938964844,82.61421203613281,4.345187664031982,328.9800109863281
2017-12-21,177.4499969482422,82.59489440917969,4.505075454711914,331.6600036621094
2017-12-22,177.1999969482422,82.60453796386719,4.495670795440674,325.20001220703125
2017-12-26,175.99000549316406,82.49828338623047,4.495670795440674,317.2900085449219
2017-12-27,177.6199951171875,82.79774475097656,4.448644638061523,311.6400146484375
2017-12-28,177.9199981689453,82.80741119384766,4.429834365844727,315.3599853515625
2017-12-29,176.4600067138672,82.633544921875,4.382808208465576,311.3500061035156
